lambda,empirical_FNR,recall_%,yield_loss_%,n_defective,alpha,repeat,n_cal_defective,target
1.006703444336997,0.004878048780487805,99.51219512195122,89.17337855023315,410,0.01,0,470,ModuleA_LOF
1.0265269069697396,0.00975609756097561,99.02439024390245,74.40440864773208,410,0.02,0,470,ModuleA_LOF
1.052718179541262,0.02195121951219512,97.80487804878048,53.463331920305215,410,0.03,0,470,ModuleA_LOF
1.0794068217097803,0.046341463414634146,95.36585365853658,36.40101738024587,410,0.05,0,470,ModuleA_LOF
1.114024758712172,0.06829268292682927,93.17073170731707,20.864773208986858,410,0.075,0,470,ModuleA_LOF
1.161010572967236,0.08292682926829269,91.70731707317074,8.999576091564222,410,0.1,0,470,ModuleA_LOF
1.2355210585387597,0.11219512195121951,88.78048780487805,2.115303094531581,410,0.15,0,470,ModuleA_LOF
1.3891231410776677,0.16829268292682928,83.17073170731707,0.11021619330224672,410,0.2,0,470,ModuleA_LOF
1.0141181671026964,0.016055045871559634,98.39449541284404,84.17076896961466,436,0.01,1,444,ModuleA_LOF
1.0487211195973658,0.027522935779816515,97.24770642201835,57.37565778305891,436,0.02,1,444,ModuleA_LOF
1.0640334719745512,0.04128440366972477,95.87155963302753,46.58801561704295,436,0.03,1,444,ModuleA_LOF
1.0866622499403735,0.06651376146788991,93.34862385321101,33.164997453743,436,0.05,1,444,ModuleA_LOF
1.1380924131909769,0.0871559633027523,91.28440366972477,14.021388558818536,436,0.075,1,444,ModuleA_LOF
1.1691742280927393,0.10321100917431193,89.6788990825688,8.041928365303004,436,0.1,1,444,ModuleA_LOF
1.250773246603234,0.12385321100917432,87.61467889908256,1.6126294347309456,436,0.15,1,444,ModuleA_LOF
1.4026970975906967,0.1720183486238532,82.79816513761467,0.09760651841792566,436,0.2,1,444,ModuleA_LOF
1.0089942386728052,0.009195402298850575,99.08045977011494,87.6554211754721,435,0.01,2,445,ModuleA_LOF
1.0392033890238097,0.01839080459770115,98.16091954022988,64.79949077021006,435,0.02,2,445,ModuleA_LOF
1.0626812369694778,0.03908045977011494,96.0919540229885,47.659664757054955,435,0.03,2,445,ModuleA_LOF
1.0823675597376885,0.05747126436781609,94.25287356321839,35.794610651389775,435,0.05,2,445,ModuleA_LOF
1.1353943340947164,0.08275862068965517,91.72413793103448,15.366008911521323,435,0.075,2,445,ModuleA_LOF
1.164367159067801,0.09195402298850575,90.80459770114942,9.153405474220241,435,0.1,2,445,ModuleA_LOF
1.2791343958363766,0.15172413793103448,84.82758620689656,1.1160619562911096,435,0.15,2,445,ModuleA_LOF
1.4256345976190374,0.19310344827586207,80.6896551724138,0.0848716316571186,435,0.2,2,445,ModuleA_LOF
1.00796012834993,0.006607929515418502,99.33920704845815,89.19561708995158,454,0.01,3,426,ModuleA_LOF
1.0172890929958895,0.00881057268722467,99.11894273127754,82.8463433279538,454,0.02,3,426,ModuleA_LOF
1.041177726898045,0.013215859030837005,98.6784140969163,64.51626603244712,454,0.03,3,426,ModuleA_LOF
1.065476283021405,0.02643171806167401,97.3568281938326,46.89119170984456,454,0.05,3,426,ModuleA_LOF
1.1321222282076588,0.07488986784140969,92.51101321585902,16.130128259577,454,0.075,3,426,ModuleA_LOF
1.1850757766927464,0.1145374449339207,88.54625550660793,6.102947422067443,454,0.1,3,426,ModuleA_LOF
1.2799644652453102,0.15198237885462554,84.80176211453745,0.8918712307822985,454,0.15,3,426,ModuleA_LOF
1.423204721872129,0.1894273127753304,81.05726872246696,0.050964070330417055,454,0.2,3,426,ModuleA_LOF
1.00796012834993,0.0069767441860465115,99.30232558139535,88.4217225286381,430,0.01,4,450,ModuleA_LOF
1.0487211195973658,0.02558139534883721,97.44186046511628,57.31438268985999,430,0.02,4,450,ModuleA_LOF
1.0593784243688087,0.03488372093023256,96.51162790697676,49.50360627916843,430,0.03,4,450,ModuleA_LOF
1.079906894166961,0.04883720930232558,95.11627906976744,36.614340263046245,430,0.05,4,450,ModuleA_LOF
1.1092459125972631,0.06279069767441861,93.72093023255815,22.82138311412813,430,0.075,4,450,ModuleA_LOF
1.1597257942379051,0.07906976744186046,92.09302325581396,8.99872719558761,430,0.1,4,450,ModuleA_LOF
1.2742355819877127,0.14651162790697675,85.34883720930233,1.047942299533305,430,0.15,4,450,ModuleA_LOF
1.4322950418702136,0.2,80.0,0.04242681374628765,430,0.2,4,450,ModuleA_LOF
1.0089942386728052,0.009195402298850575,99.08045977011494,88.55506047103756,435,0.01,5,445,ModuleA_LOF
1.040126297674297,0.020689655172413793,97.93103448275862,64.9013367281986,435,0.02,5,445,ModuleA_LOF
1.0640334719745512,0.041379310344827586,95.86206896551724,47.1928707829408,435,0.03,5,445,ModuleA_LOF
1.0913492594214305,0.07126436781609195,92.87356321839081,31.109696583916822,435,0.05,5,445,ModuleA_LOF
1.1345526127852492,0.07816091954022988,92.18390804597702,15.395713982601317,435,0.075,5,445,ModuleA_LOF
1.1697800454184804,0.10804597701149425,89.19540229885058,8.011882028431996,435,0.1,5,445,ModuleA_LOF
1.2804424055179529,0.15632183908045977,84.36781609195401,0.9335879482283047,435,0.15,5,445,ModuleA_LOF
1.4385962111740374,0.21379310344827587,78.62068965517241,0.05516656057712709,435,0.2,5,445,ModuleA_LOF
1.003622439475137,0.0022026431718061676,99.77973568281938,91.70559755372463,454,0.01,6,426,ModuleA_LOF
1.036534976521784,0.015418502202643172,98.45814977973568,67.30230187717659,454,0.02,6,426,ModuleA_LOF
1.053084222210547,0.02643171806167401,97.3568281938326,54.60800135904188,454,0.03,6,426,ModuleA_LOF
1.0839828504258064,0.06167400881057269,93.83259911894272,34.93162320564002,454,0.05,6,426,ModuleA_LOF
1.122769723933711,0.07268722466960352,92.73127753303964,18.355559330671873,454,0.075,6,426,ModuleA_LOF
1.166430644037884,0.09911894273127753,90.08810572687224,8.34961352246666,454,0.1,6,426,ModuleA_LOF
1.2914589846301068,0.16519823788546256,83.48017621145375,0.6922619553214983,454,0.15,6,426,ModuleA_LOF
1.4357540738881331,0.20484581497797358,79.51541850220264,0.04671706446954897,454,0.2,6,426,ModuleA_LOF
1.003622439475137,0.0022471910112359553,99.7752808988764,91.47527064317555,445,0.01,7,435,ModuleA_LOF
1.0141181671026964,0.006741573033707865,99.32584269662922,84.64869454468266,445,0.02,7,435,ModuleA_LOF
1.041177726898045,0.011235955056179775,98.87640449438202,63.68074718743366,445,0.03,7,435,ModuleA_LOF
1.0593784243688087,0.015730337078651686,98.42696629213484,50.273827212905964,445,0.05,7,435,ModuleA_LOF
1.0852811798509765,0.04044943820224719,95.95505617977528,34.328168117172574,445,0.075,7,435,ModuleA_LOF
1.1542173429776177,0.07865168539325842,92.13483146067416,10.558267883676502,445,0.1,7,435,ModuleA_LOF
1.24767924740575,0.11910112359550562,88.08988764044943,1.766079388664827,445,0.15,7,435,ModuleA_LOF
1.3762488294655282,0.1662921348314607,83.37078651685394,0.09764381235406495,445,0.2,7,435,ModuleA_LOF
1.00796012834993,0.0063025210084033615,99.36974789915966,88.35657201156266,476,0.01,8,404,ModuleA_LOF
1.0392033890238097,0.01680672268907563,98.31932773109243,64.3725556878082,476,0.02,8,404,ModuleA_LOF
1.056464702679996,0.029411764705882353,97.05882352941177,51.44108144873321,476,0.03,8,404,ModuleA_LOF
1.0733135839775834,0.037815126050420166,96.21848739495799,40.3587825199796,476,0.05,8,404,ModuleA_LOF
1.1352006030142348,0.07983193277310924,92.01680672268907,14.695629994898827,476,0.075,8,404,ModuleA_LOF
1.1850757766927464,0.1134453781512605,88.65546218487394,6.057643257949328,476,0.1,8,404,ModuleA_LOF
1.2947664660488882,0.16806722689075632,83.19327731092437,0.7524230573031797,476,0.15,8,404,ModuleA_LOF
1.4484349874828315,0.22058823529411764,77.94117647058823,0.06376466587315083,476,0.2,8,404,ModuleA_LOF
1.006703444336997,0.0045045045045045045,99.54954954954955,89.44218033622006,444,0.01,9,436,ModuleA_LOF
1.030293071976687,0.013513513513513514,98.64864864864865,71.862795041603,444,0.02,9,436,ModuleA_LOF
1.050086680570096,0.018018018018018018,98.1981981981982,56.26167430803193,444,0.03,9,436,ModuleA_LOF
1.079906894166961,0.04954954954954955,95.04504504504504,36.48327390049244,444,0.05,9,436,ModuleA_LOF
1.1035627633423242,0.060810810810810814,93.91891891891892,24.9787739853965,444,0.075,9,436,ModuleA_LOF
1.165463234456776,0.09684684684684684,90.31531531531532,8.47342502971642,444,0.1,9,436,ModuleA_LOF
1.250773246603234,0.12387387387387387,87.61261261261262,1.566479877738156,444,0.15,9,436,ModuleA_LOF
1.3579243403635028,0.15765765765765766,84.23423423423422,0.16556291390728478,444,0.2,9,436,ModuleA_LOF
1.006703444336997,0.004555808656036446,99.54441913439635,89.25767157590934,439,0.01,10,441,ModuleA_LOF
1.030293071976687,0.01366742596810934,98.63325740318906,71.72870421459191,439,0.02,10,441,ModuleA_LOF
1.050086680570096,0.018223234624145785,98.17767653758543,56.105428462289375,439,0.03,10,441,ModuleA_LOF
1.0794068217097803,0.04555808656036447,95.44419134396355,37.04426807011587,439,0.05,10,441,ModuleA_LOF
1.122769723933711,0.07289293849658314,92.71070615034168,18.254743007512413,439,0.075,10,441,ModuleA_LOF
1.1764237283776884,0.10933940774487472,89.06605922551253,6.807860447349433,439,0.1,10,441,ModuleA_LOF
1.3508832280611167,0.1958997722095672,80.41002277904327,0.25465812147192396,439,0.15,10,441,ModuleA_LOF
1.4890893558113134,0.2460136674259681,75.39863325740319,0.03819871822078859,439,0.2,10,441,ModuleA_LOF
1.0172890929958895,0.017094017094017096,98.29059829059828,82.35594084650688,468,0.01,11,412,ModuleA_LOF
1.041177726898045,0.021367521367521368,97.86324786324786,63.32653408125106,468,0.02,11,412,ModuleA_LOF
1.052718179541262,0.023504273504273504,97.64957264957265,54.53425123236444,468,0.03,11,412,ModuleA_LOF
1.0751121922915443,0.0405982905982906,95.94017094017094,39.50790413054564,468,0.05,11,412,ModuleA_LOF
1.1035627633423242,0.06196581196581197,93.80341880341881,25.157232704402517,468,0.075,11,412,ModuleA_LOF
1.161976666876509,0.0876068376068376,91.23931623931624,8.983511813700492,468,0.1,11,412,ModuleA_LOF
1.250773246603234,0.12606837606837606,87.3931623931624,1.5468298487166412,468,0.15,11,412,ModuleA_LOF
1.4026970975906967,0.1752136752136752,82.47863247863248,0.09348971613122556,468,0.2,11,412,ModuleA_LOF
1.006703444336997,0.0045351473922902496,99.54648526077098,89.32042955982851,441,0.01,12,439,ModuleA_LOF
1.0141181671026964,0.006802721088435374,99.31972789115646,84.4135998981281,441,0.02,12,439,ModuleA_LOF
1.0441341930068706,0.013605442176870748,98.63945578231292,61.42875334267159,441,0.03,12,439,ModuleA_LOF
1.0733135839775834,0.036281179138321996,96.3718820861678,40.86760898170551,441,0.05,12,439,ModuleA_LOF
1.112926033931687,0.06575963718820861,93.42403628117914,21.961882932212742,441,0.075,12,439,ModuleA_LOF
1.1697800454184804,0.10657596371882086,89.34240362811792,8.018167154802835,441,0.1,12,439,ModuleA_LOF
1.2849503333091865,0.1564625850340136,84.35374149659864,0.7725285453542171,441,0.15,12,439,ModuleA_LOF
1.4261764343676775,0.19501133786848074,80.49886621315193,0.06366993505666624,441,0.2,12,439,ModuleA_LOF
1.0120442573380373,0.011235955056179775,98.87640449438202,85.54022500530672,445,0.01,13,435,ModuleA_LOF
1.0392033890238097,0.017977528089887642,98.20224719101124,64.46189768626618,445,0.02,13,435,ModuleA_LOF
1.056464702679996,0.029213483146067417,97.07865168539325,51.746975164508605,445,0.03,13,435,ModuleA_LOF
1.0808557178141431,0.051685393258426963,94.83146067415731,36.24283591594141,445,0.05,13,435,ModuleA_LOF
1.1419280074859737,0.09213483146067415,90.78651685393258,13.058798556569732,445,0.075,13,435,ModuleA_LOF
1.1667039050994732,0.10112359550561797,89.8876404494382,8.516238590532796,445,0.1,13,435,ModuleA_LOF
1.2650760715836316,0.13707865168539327,86.29213483146067,1.4094672044151986,445,0.15,13,435,ModuleA_LOF
1.3762488294655282,0.1662921348314607,83.37078651685394,0.17830609212481427,445,0.2,13,435,ModuleA_LOF
1.0141181671026964,0.015945330296127564,98.40546697038725,84.51678621450702,439,0.01,14,441,ModuleA_LOF
1.0441341930068706,0.025056947608200455,97.49430523917995,61.01608590467298,439,0.02,14,441,ModuleA_LOF
1.0593784243688087,0.03416856492027335,96.58314350797266,49.62862357285344,439,0.03,14,441,ModuleA_LOF
1.078238651278922,0.04328018223234624,95.67198177676538,37.549340011035184,439,0.05,14,441,ModuleA_LOF
1.1353943340947164,0.08200455580865604,91.79954441913439,14.808369763592378,439,0.075,14,441,ModuleA_LOF
1.164452272803583,0.09339407744874716,90.66059225512528,8.581978693603837,439,0.1,14,441,ModuleA_LOF
1.264016995712073,0.13439635535307518,86.56036446469248,1.345443741776665,439,0.15,14,441,ModuleA_LOF
1.4256345976190374,0.19362186788154898,80.6378132118451,0.08064173846610925,439,0.2,14,441,ModuleA_LOF
1.006703444336997,0.005012531328320802,99.49874686716792,89.67416634888352,399,0.01,15,481,ModuleA_LOF
1.030293071976687,0.012531328320802004,98.74686716791979,72.78505148086946,399,0.02,15,481,ModuleA_LOF
1.052718179541262,0.022556390977443608,97.74436090225564,55.01885513325706,399,0.03,15,481,ModuleA_LOF
1.0794068217097803,0.045112781954887216,95.48872180451127,37.58739036481505,399,0.05,15,481,ModuleA_LOF
1.1321222282076588,0.07518796992481203,92.4812030075188,15.969662302444812,399,0.075,15,481,ModuleA_LOF
1.165463234456776,0.09523809523809523,90.47619047619048,8.690309732638447,399,0.1,15,481,ModuleA_LOF
1.2619706636831085,0.13032581453634084,86.96741854636592,1.3897716198466166,399,0.15,15,481,ModuleA_LOF
1.4256345976190374,0.19298245614035087,80.7017543859649,0.08474217194186687,399,0.2,15,481,ModuleA_LOF
1.0265269069697396,0.020454545454545454,97.95454545454545,75.11460101867571,440,0.01,16,440,ModuleA_LOF
1.0487211195973658,0.02727272727272727,97.27272727272728,57.364176570458405,440,0.02,16,440,ModuleA_LOF
1.0640334719745512,0.04090909090909091,95.9090909090909,46.60865874363328,440,0.03,16,440,ModuleA_LOF
1.0823675597376885,0.056818181818181816,94.31818181818183,35.59422750424448,440,0.05,16,440,ModuleA_LOF
1.162122661170664,0.11363636363636363,88.63636363636364,9.235993208828523,440,0.075,16,440,ModuleA_LOF
1.1963557246778722,0.125,87.5,4.970288624787776,440,0.1,16,440,ModuleA_LOF
1.348981900148268,0.19090909090909092,80.9090909090909,0.2164685908319185,440,0.15,16,440,ModuleA_LOF
1.4550034662117644,0.22727272727272727,77.27272727272727,0.046689303904923596,440,0.2,16,440,ModuleA_LOF
1.030293071976687,0.02242152466367713,97.75784753363229,72.87934108856246,446,0.01,17,434,ModuleA_LOF
1.053084222210547,0.03587443946188341,96.41255605381166,55.40884775409697,446,0.02,17,434,ModuleA_LOF
1.0640334719745512,0.04035874439461883,95.96412556053812,47.66494013755626,446,0.03,17,434,ModuleA_LOF
1.079906894166961,0.04932735426008968,95.06726457399103,37.76004075740851,446,0.05,17,434,ModuleA_LOF
1.1505228450091898,0.10089686098654709,89.91031390134529,11.496985649995754,446,0.075,17,434,ModuleA_LOF
1.1850757766927464,0.11434977578475336,88.56502242152466,6.113611276216354,446,0.1,17,434,ModuleA_LOF
1.2849503333091865,0.15695067264573992,84.30493273542601,0.7599558461407829,446,0.15,17,434,ModuleA_LOF
1.4484349874828315,0.2219730941704036,77.80269058295964,0.0297189437038295,446,0.2,17,434,ModuleA_LOF
1.013031323420735,0.01405152224824356,98.59484777517564,85.24583209604208,427,0.01,18,453,ModuleA_LOF
1.056464702679996,0.03981264637002342,96.01873536299766,51.961990412760365,427,0.02,18,453,ModuleA_LOF
1.065476283021405,0.0468384074941452,95.31615925058547,45.912696729308955,427,0.03,18,453,ModuleA_LOF
1.0839828504258064,0.06323185011709602,93.6768149882904,34.85343401349001,427,0.05,18,453,ModuleA_LOF
1.1353943340947164,0.08196721311475409,91.80327868852459,14.928095702710728,427,0.075,18,453,ModuleA_LOF
1.164452272803583,0.0936768149882904,90.63231850117096,8.815169897764392,427,0.1,18,453,ModuleA_LOF
1.2804424055179529,0.15456674473067916,84.5433255269321,0.9247868323929921,427,0.15,18,453,ModuleA_LOF
1.423204721872129,0.18969555035128804,81.0304449648712,0.0721164043609214,427,0.2,18,453,ModuleA_LOF
1.013031323420735,0.014018691588785047,98.5981308411215,85.5548956388936,428,0.01,19,452,ModuleA_LOF
1.040126297674297,0.018691588785046728,98.13084112149532,64.691159002206,428,0.02,19,452,ModuleA_LOF
1.053084222210547,0.02570093457943925,97.42990654205607,54.84473103682335,428,0.03,19,452,ModuleA_LOF
1.079906894166961,0.04906542056074766,95.09345794392523,37.24333955540472,428,0.05,19,452,ModuleA_LOF
1.112926033931687,0.06775700934579439,93.22429906542055,22.204310198540643,428,0.075,19,452,ModuleA_LOF
1.162122661170664,0.08878504672897196,91.1214953271028,9.239776005430171,428,0.1,19,452,ModuleA_LOF
1.2706496312244306,0.1425233644859813,85.74766355140187,1.1454267775326659,428,0.15,19,452,ModuleA_LOF
1.4160355944791954,0.1822429906542056,81.77570093457945,0.08908874936365178,428,0.2,19,452,ModuleA_LOF
1.0141181671026964,0.014925373134328358,98.50746268656717,85.10475542900853,469,0.01,20,411,ModuleA_LOF
1.0517437285802251,0.029850746268656716,97.01492537313433,56.29170031022907,469,0.02,20,411,ModuleA_LOF
1.06809382306976,0.04904051172707889,95.0959488272921,44.91946793591433,469,0.03,20,411,ModuleA_LOF
1.0889833598080934,0.06823027718550106,93.17697228144989,32.888530024223364,469,0.05,20,411,ModuleA_LOF
1.143542799384655,0.09594882729211088,90.40511727078892,13.110365050359102,469,0.075,20,411,ModuleA_LOF
1.1802211244614629,0.11087420042643924,88.91257995735607,6.5785559474735456,469,0.1,20,411,ModuleA_LOF
1.2754101359401817,0.14925373134328357,85.07462686567165,0.9519357443372573,469,0.15,20,411,ModuleA_LOF
1.436122879160959,0.2068230277185501,79.317697228145,0.0382474182992648,469,0.2,20,411,ModuleA_LOF
1.003622439475137,0.0023584905660377358,99.76415094339622,91.46165592127588,424,0.01,21,456,ModuleA_LOF
1.0172890929958895,0.007075471698113208,99.29245283018868,82.00288428910757,424,0.02,21,456,ModuleA_LOF
1.0441341930068706,0.014150943396226415,98.58490566037736,60.85425856803529,424,0.03,21,456,ModuleA_LOF
1.06809382306976,0.030660377358490566,96.93396226415094,44.23990498812351,424,0.05,21,456,ModuleA_LOF
1.1092459125972631,0.06132075471698113,93.86792452830188,23.26094333220224,424,0.075,21,456,ModuleA_LOF
1.1505228450091898,0.07547169811320754,92.45283018867924,11.197828299966067,424,0.1,21,456,ModuleA_LOF
1.237654974622998,0.11556603773584906,88.44339622641509,2.1123176111299626,424,0.15,21,456,ModuleA_LOF
1.410644846031176,0.1792452830188679,82.0754716981132,0.07210722768917543,424,0.2,21,456,ModuleA_LOF
1.0120442573380373,0.0117096018735363,98.82903981264637,85.84821617952743,427,0.01,22,453,ModuleA_LOF
1.040126297674297,0.01873536299765808,98.12646370023418,64.19632630551902,427,0.02,22,453,ModuleA_LOF
1.056464702679996,0.03044496487119438,96.95550351288055,51.961990412760365,427,0.03,22,453,ModuleA_LOF
1.0808557178141431,0.05152224824355972,94.84777517564403,36.618164849616086,427,0.05,22,453,ModuleA_LOF
1.122769723933711,0.07259953161592506,92.7400468384075,18.648453739447675,427,0.075,22,453,ModuleA_LOF
1.161976666876509,0.08665105386416862,91.33489461358315,9.392101132651764,427,0.1,22,453,ModuleA_LOF
1.2619706636831085,0.13114754098360656,86.88524590163934,1.3914223900224834,427,0.15,22,453,ModuleA_LOF
1.4243258960594656,0.1920374707259953,80.79625292740047,0.0721164043609214,427,0.2,22,453,ModuleA_LOF
1.0089942386728052,0.009523809523809525,99.04761904761905,87.8498727735369,420,0.01,23,460,ModuleA_LOF
1.040126297674297,0.01904761904761905,98.09523809523809,63.753180661577616,420,0.02,23,460,ModuleA_LOF
1.056464702679996,0.030952380952380953,96.9047619047619,51.429177268871925,420,0.03,23,460,ModuleA_LOF
1.0808557178141431,0.05,95.0,36.10687022900763,420,0.05,23,460,ModuleA_LOF
1.1096693174075836,0.06428571428571428,93.57142857142857,22.87531806615776,420,0.075,23,460,ModuleA_LOF
1.1667039050994732,0.1,90.0,8.452078032230705,420,0.1,23,460,ModuleA_LOF
1.2556221875688824,0.12380952380952381,87.61904761904762,1.5351993214588635,420,0.15,23,460,ModuleA_LOF
1.423204721872129,0.1880952380952381,81.19047619047619,0.07633587786259542,420,0.2,23,460,ModuleA_LOF
1.006703444336997,0.004310344827586207,99.56896551724138,89.51818490822569,464,0.01,24,416,ModuleA_LOF
1.0265269069697396,0.010775862068965518,98.92241379310344,75.118966689327,464,0.02,24,416,ModuleA_LOF
1.052718179541262,0.023706896551724137,97.62931034482759,54.56322229775663,464,0.03,24,416,ModuleA_LOF
1.082237785713867,0.05603448275862069,94.39655172413794,35.503059143439835,464,0.05,24,416,ModuleA_LOF
1.122769723933711,0.07327586206896551,92.67241379310344,18.4355880353501,464,0.075,24,416,ModuleA_LOF
1.164367159067801,0.09267241379310345,90.73275862068965,8.69306594153637,464,0.1,24,416,ModuleA_LOF
1.306301270929254,0.1724137931034483,82.75862068965517,0.5226036709721278,464,0.15,24,416,ModuleA_LOF
1.459164152211998,0.22844827586206898,77.15517241379311,0.03399048266485384,464,0.2,24,416,ModuleA_LOF
1.003622439475137,0.0021929824561403508,99.78070175438597,91.36510363574584,456,0.01,25,424,ModuleA_LOF
1.013031323420735,0.0043859649122807015,99.56140350877193,85.11722731906218,456,0.02,25,424,ModuleA_LOF
1.041177726898045,0.013157894736842105,98.68421052631578,63.11162079510704,456,0.03,25,424,ModuleA_LOF
1.0647047761636652,0.02412280701754386,97.58771929824562,45.95225959904859,456,0.05,25,424,ModuleA_LOF
1.0959922089392309,0.05701754385964912,94.2982456140351,28.346924906557934,456,0.075,25,424,ModuleA_LOF
1.1850757766927464,0.11403508771929824,88.59649122807018,5.848623853211009,456,0.1,25,424,ModuleA_LOF
1.2742355819877127,0.14692982456140352,85.30701754385966,1.0618416581719334,456,0.15,25,424,ModuleA_LOF
1.4313212161802924,0.19736842105263158,80.26315789473685,0.05946313285762827,456,0.2,25,424,ModuleA_LOF
1.0141181671026964,0.015659955257270694,98.43400447427292,84.56247611769201,447,0.01,26,433,ModuleA_LOF
1.0487211195973658,0.026845637583892617,97.31543624161074,57.746359274826986,447,0.02,26,433,ModuleA_LOF
1.0647047761636652,0.042505592841163314,95.74944071588367,46.51636734173991,447,0.03,26,433,ModuleA_LOF
1.0913492594214305,0.07158836689038031,92.84116331096197,31.023648792085933,447,0.05,26,433,ModuleA_LOF
1.1419280074859737,0.09172259507829977,90.82774049217002,13.284931855814547,447,0.075,26,433,ModuleA_LOF
1.1667039050994732,0.10067114093959731,89.93288590604027,8.631596824183756,447,0.1,26,433,ModuleA_LOF
1.2650760715836316,0.13646532438478748,86.35346756152126,1.3671294527236446,447,0.15,26,433,ModuleA_LOF
1.3762488294655282,0.16778523489932887,83.22147651006712,0.14435528382796245,447,0.2,26,433,ModuleA_LOF
1.003622439475137,0.0024691358024691358,99.75308641975309,91.84996821360458,405,0.01,27,475,ModuleA_LOF
1.0392033890238097,0.01728395061728395,98.27160493827161,65.40368722186905,405,0.02,27,475,ModuleA_LOF
1.050086680570096,0.01728395061728395,98.27160493827161,57.17312990040263,405,0.03,27,475,ModuleA_LOF
1.069682589119324,0.03209876543209877,96.79012345679013,43.45412163593982,405,0.05,27,475,ModuleA_LOF
1.1092459125972631,0.06172839506172839,93.82716049382715,23.674507310870947,405,0.075,27,475,ModuleA_LOF
1.161010572967236,0.08395061728395062,91.60493827160494,9.535918626827717,405,0.1,27,475,ModuleA_LOF
1.249021500406194,0.11851851851851852,88.14814814814815,1.8097054460690825,405,0.15,27,475,ModuleA_LOF
1.3891231410776677,0.16790123456790124,83.20987654320989,0.14409832591650773,405,0.2,27,475,ModuleA_LOF
1.0141181671026964,0.015418502202643172,98.45814977973568,84.86367111186614,454,0.01,28,426,ModuleA_LOF
1.0517437285802251,0.030837004405286344,96.91629955947137,55.7886689883632,454,0.02,28,426,ModuleA_LOF
1.0640334719745512,0.04185022026431718,95.81497797356829,47.28616325490529,454,0.03,28,426,ModuleA_LOF
1.0815098406014656,0.05286343612334802,94.7136563876652,36.52000339760469,454,0.05,28,426,ModuleA_LOF
1.1380924131909769,0.08590308370044053,91.40969162995594,14.295421727681983,454,0.075,28,426,ModuleA_LOF
1.1667039050994732,0.1013215859030837,89.86784140969164,8.59593986239701,454,0.1,28,426,ModuleA_LOF
1.3375341457285717,0.18061674008810572,81.93832599118943,0.22933831648687675,454,0.15,28,426,ModuleA_LOF
1.441626656694689,0.21806167400881057,78.19383259911893,0.021235029304340437,454,0.2,28,426,ModuleA_LOF
1.0120442573380373,0.012135922330097087,98.7864077669903,85.58165168729862,412,0.01,29,468,ModuleA_LOF
1.030293071976687,0.012135922330097087,98.7864077669903,71.5872477530948,412,0.02,29,468,ModuleA_LOF
1.052718179541262,0.021844660194174758,97.81553398058253,53.95964049516704,412,0.03,29,468,ModuleA_LOF
1.079906894166961,0.04854368932038835,95.14563106796116,36.40834322536883,412,0.05,29,468,ModuleA_LOF
1.112926033931687,0.06553398058252427,93.44660194174757,21.544853315245042,412,0.075,29,468,ModuleA_LOF
1.162122661170664,0.08980582524271845,91.01941747572816,8.979141936577921,412,0.1,29,468,ModuleA_LOF
1.2754101359401817,0.14805825242718446,85.19417475728154,1.123452603018484,412,0.15,29,468,ModuleA_LOF
1.4366868412746758,0.2111650485436893,78.88349514563106,0.06783110055960659,412,0.2,29,468,ModuleA_LOF
1.003622439475137,0.0023752969121140144,99.7624703087886,91.24220704864499,421,0.01,30,459,ModuleA_LOF
1.0392033890238097,0.0166270783847981,98.33729216152018,64.56168624623606,421,0.02,30,459,ModuleA_LOF
1.050086680570096,0.019002375296912115,98.09976247030879,55.85902710038594,421,0.03,30,459,ModuleA_LOF
1.079906894166961,0.047505938242280284,95.24940617577197,36.498579244242755,421,0.05,30,459,ModuleA_LOF
1.1165646553337738,0.07125890736342043,92.87410926365796,20.195937062640485,421,0.075,30,459,ModuleA_LOF
1.161010572967236,0.0831353919239905,91.68646080760095,9.003774545146106,421,0.1,30,459,ModuleA_LOF
1.2619706636831085,0.13064133016627077,86.93586698337292,1.2214258450315958,421,0.15,30,459,ModuleA_LOF
1.423204721872129,0.1876484560570071,81.23515439429929,0.06785699139064422,421,0.2,30,459,ModuleA_LOF
1.0392033890238097,0.02702702702702703,97.2972972972973,64.54406520631686,444,0.01,31,436,ModuleA_LOF
1.0517437285802251,0.03153153153153153,96.84684684684684,55.15792154865002,444,0.02,31,436,ModuleA_LOF
1.0647047761636652,0.04279279279279279,95.72072072072072,46.17931737137035,444,0.03,31,436,ModuleA_LOF
1.0913492594214305,0.07207207207207207,92.7927927927928,31.17677024961793,444,0.05,31,436,ModuleA_LOF
1.1397282078528157,0.09009009009009009,90.990990990991,13.397860417727966,444,0.075,31,436,ModuleA_LOF
1.166430644037884,0.0990990990990991,90.09009009009009,8.503141450161317,444,0.1,31,436,ModuleA_LOF
1.2849503333091865,0.15765765765765766,84.23423423423422,0.8575309899813212,444,0.15,31,436,ModuleA_LOF
1.4261764343676775,0.19594594594594594,80.4054054054054,0.05518763796909492,444,0.2,31,436,ModuleA_LOF
1.0089942386728052,0.009389671361502348,99.06103286384976,87.92313565792823,426,0.01,32,454,ModuleA_LOF
1.0517437285802251,0.03051643192488263,96.94835680751174,55.03520828030881,426,0.02,32,454,ModuleA_LOF
1.0647047761636652,0.04460093896713615,95.53990610328638,46.122847204547384,426,0.03,32,454,ModuleA_LOF
1.0823675597376885,0.05868544600938967,94.13145539906104,35.51370153559006,426,0.05,32,454,ModuleA_LOF
1.1321222282076588,0.07511737089201878,92.48826291079813,15.559514719606346,426,0.075,32,454,ModuleA_LOF
1.164452272803583,0.09389671361502347,90.61032863849765,8.712988886060915,426,0.1,32,454,ModuleA_LOF
1.2669539594811212,0.13849765258215962,86.15023474178403,1.196233138203105,426,0.15,32,454,ModuleA_LOF
1.4026970975906967,0.17136150234741784,82.86384976525821,0.10180707559175363,426,0.2,32,454,ModuleA_LOF
1.003622439475137,0.002242152466367713,99.77578475336323,91.54708329795363,446,0.01,33,434,ModuleA_LOF
1.0441341930068706,0.02466367713004484,97.53363228699553,61.208287339729985,446,0.02,33,434,ModuleA_LOF
1.056464702679996,0.02914798206278027,97.08520179372198,52.2628852848773,446,0.03,33,434,ModuleA_LOF
1.0733135839775834,0.03811659192825112,96.18834080717488,40.96119555064957,446,0.05,33,434,ModuleA_LOF
1.0959243351654782,0.053811659192825115,94.61883408071749,28.899549970281058,446,0.075,33,434,ModuleA_LOF
1.1667039050994732,0.10089686098654709,89.91031390134529,8.57603804024794,446,0.1,33,434,ModuleA_LOF
1.2849503333091865,0.15695067264573992,84.30493273542601,0.8193937335484418,446,0.15,33,434,ModuleA_LOF
1.4330522716375964,0.20179372197309417,79.82062780269058,0.03821007047635221,446,0.2,33,434,ModuleA_LOF
1.0120442573380373,0.011389521640091117,98.86104783599089,86.75353338143542,439,0.01,34,441,ModuleA_LOF
1.0392033890238097,0.018223234624145785,98.17767653758543,66.25779890497007,439,0.02,34,441,ModuleA_LOF
1.0559285837602022,0.02733485193621868,97.26651480637814,53.68193200628156,439,0.03,34,441,ModuleA_LOF
1.0933385085433855,0.07517084282460136,92.48291571753985,31.081023725648315,439,0.05,34,441,ModuleA_LOF
1.1600450607528234,0.1070615034168565,89.29384965831434,9.84253639488986,439,0.075,34,441,ModuleA_LOF
1.199643665673793,0.1275626423690205,87.24373576309794,4.698442341156997,439,0.1,34,441,ModuleA_LOF
1.2860541831216867,0.15945330296127563,84.05466970387245,0.844616102881881,439,0.15,34,441,ModuleA_LOF
1.436122879160959,0.2072892938496583,79.27107061503416,0.033954416196256526,439,0.2,34,441,ModuleA_LOF
1.013031323420735,0.01348314606741573,98.65168539325843,84.92888983230736,445,0.01,35,435,ModuleA_LOF
1.0392033890238097,0.017977528089887642,98.20224719101124,64.43642538739121,445,0.02,35,435,ModuleA_LOF
1.056464702679996,0.029213483146067417,97.07865168539325,51.305455317342386,445,0.03,35,435,ModuleA_LOF
1.0794068217097803,0.04719101123595506,95.28089887640449,36.70558267883676,445,0.05,35,435,ModuleA_LOF
1.1419280074859737,0.09213483146067415,90.78651685393258,12.736149437486732,445,0.075,35,435,ModuleA_LOF
1.1960592254255669,0.12359550561797752,87.64044943820225,4.818509870515815,445,0.1,35,435,ModuleA_LOF
1.3374128395252884,0.1797752808988764,82.02247191011236,0.2929314370621949,445,0.15,35,435,ModuleA_LOF
1.4603739705298189,0.23146067415730337,76.85393258426966,0.033963065166631286,445,0.2,35,435,ModuleA_LOF
1.006703444336997,0.004424778761061947,99.5575221238938,89.84627144555802,452,0.01,36,428,ModuleA_LOF
1.036534976521784,0.015486725663716814,98.45132743362832,67.60659079327331,452,0.02,36,428,ModuleA_LOF
1.0559285837602022,0.028761061946902654,97.12389380530973,52.76456599286563,452,0.03,36,428,ModuleA_LOF
1.0852811798509765,0.06415929203539823,93.58407079646017,34.46577204008833,452,0.05,36,428,ModuleA_LOF
1.1353943340947164,0.08185840707964602,91.8141592920354,15.028877187022252,452,0.075,36,428,ModuleA_LOF
1.164367159067801,0.09292035398230089,90.7079646017699,8.752335654832683,452,0.1,36,428,ModuleA_LOF
1.2875554462815495,0.16150442477876106,83.8495575221239,0.7898759979616103,452,0.15,36,428,ModuleA_LOF
1.4383403372011438,0.21238938053097345,78.76106194690266,0.04671309665364362,452,0.2,36,428,ModuleA_LOF
1.00796012834993,0.006818181818181818,99.31818181818181,88.64176570458405,440,0.01,37,440,ModuleA_LOF
1.030293071976687,0.013636363636363636,98.63636363636363,72.0246179966044,440,0.02,37,440,ModuleA_LOF
1.0593784243688087,0.03409090909090909,96.5909090909091,50.059422750424446,440,0.03,37,440,ModuleA_LOF
1.0794068217097803,0.045454545454545456,95.45454545454545,37.245331069609506,440,0.05,37,440,ModuleA_LOF
1.114024758712172,0.06818181818181818,93.18181818181817,21.294567062818338,440,0.075,37,440,ModuleA_LOF
1.162122661170664,0.08863636363636364,91.13636363636364,9.049235993208828,440,0.1,37,440,ModuleA_LOF
1.306301270929254,0.17272727272727273,82.72727272727273,0.5178268251273345,440,0.15,37,440,ModuleA_LOF
1.4385962111740374,0.21363636363636362,78.63636363636364,0.046689303904923596,440,0.2,37,440,ModuleA_LOF
1.0172890929958895,0.017582417582417582,98.24175824175823,81.7923125929072,455,0.01,38,425,ModuleA_LOF
1.050086680570096,0.02857142857142857,97.14285714285714,56.15204926736037,455,0.02,38,425,ModuleA_LOF
1.0613367835723235,0.03736263736263736,96.26373626373626,48.20556381397324,455,0.03,38,425,ModuleA_LOF
1.0769511675874752,0.041758241758241756,95.82417582417582,38.37757485665747,455,0.05,38,425,ModuleA_LOF
1.0959243351654782,0.054945054945054944,94.5054945054945,28.33297940114674,455,0.075,38,425,ModuleA_LOF
1.145537191086499,0.07472527472527472,92.52747252747253,12.231896368655766,455,0.1,38,425,ModuleA_LOF
1.224983603851934,0.1054945054945055,89.45054945054946,2.9433000637077935,455,0.15,38,425,ModuleA_LOF
1.348981900148268,0.14285714285714285,85.71428571428571,0.276067105542578,455,0.2,38,425,ModuleA_LOF
1.003622439475137,0.002188183807439825,99.78118161925602,91.6110945928726,457,0.01,39,423,ModuleA_LOF
1.041177726898045,0.02188183807439825,97.81181619256017,63.700462982627535,457,0.02,39,423,ModuleA_LOF
1.0559285837602022,0.028446389496717725,97.15536105032822,52.580384827761975,457,0.03,39,423,ModuleA_LOF
1.0794068217097803,0.045951859956236324,95.40481400437638,37.446374718600005,457,0.05,39,423,ModuleA_LOF
1.0933385085433855,0.0525164113785558,94.74835886214443,29.85600815529032,457,0.075,39,423,ModuleA_LOF
1.1542173429776177,0.0787746170678337,92.12253829321662,10.618867603958714,457,0.1,39,423,ModuleA_LOF
1.2619706636831085,0.13347921225382933,86.65207877461707,1.4229282589304677,457,0.15,39,423,ModuleA_LOF
1.3891231410776677,0.17286652078774617,82.71334792122538,0.15715924053858896,457,0.2,39,423,ModuleA_LOF
1.102908151990297,0.004878048780487805,99.51219512195122,54.963967782958875,410,0.01,0,470,ModuleA_fused_maxz
2.2969614415063355,0.014634146341463415,98.53658536585365,24.824077999152184,410,0.02,0,470,ModuleA_fused_maxz
2.6031119609790174,0.01707317073170732,98.29268292682927,19.94489190334888,410,0.03,0,470,ModuleA_fused_maxz
3.165620131830904,0.03902439024390244,96.09756097560975,13.891479440440865,410,0.05,0,470,ModuleA_fused_maxz
3.964724306013988,0.05853658536585366,94.14634146341463,8.84272997032641,410,0.075,0,470,ModuleA_fused_maxz
4.862794244508672,0.08048780487804878,91.95121951219512,5.803306485799068,410,0.1,0,470,ModuleA_fused_maxz
7.262784169915673,0.1,90.0,2.903772785078423,410,0.15,0,470,ModuleA_fused_maxz
14.00237952533987,0.16829268292682928,83.17073170731707,1.4709622721492157,410,0.2,0,470,ModuleA_fused_maxz
1.7627958525751437,0.011467889908256881,98.85321100917432,35.753692072653195,436,0.01,1,444,ModuleA_fused_maxz
2.3945047956577157,0.020642201834862386,97.93577981651376,22.844169071464947,436,0.02,1,444,ModuleA_fused_maxz
2.6894818437018024,0.02981651376146789,97.01834862385321,18.42216941096588,436,0.03,1,444,ModuleA_fused_maxz
3.5254442425228008,0.05045871559633028,94.95412844036697,10.634866745883551,436,0.05,1,444,ModuleA_fused_maxz
4.163683844181558,0.06880733944954129,93.11926605504587,7.167713461212018,436,0.075,1,444,ModuleA_fused_maxz
5.187181835238353,0.09862385321100918,90.13761467889908,4.345611950432864,436,0.1,1,444,ModuleA_fused_maxz
8.92151024604183,0.13302752293577982,86.69724770642202,1.680529621456459,436,0.15,1,444,ModuleA_fused_maxz
14.00237952533987,0.16972477064220184,83.02752293577981,1.031234085893736,436,0.2,1,444,ModuleA_fused_maxz
1.8189788331709844,0.013793103448275862,98.62068965517241,34.88224061107575,435,0.01,2,445,ModuleA_fused_maxz
2.592690703323473,0.027586206896551724,97.24137931034483,20.700190961171227,435,0.02,2,445,ModuleA_fused_maxz
3.062109997330472,0.04597701149425287,95.40229885057471,15.060471037555697,435,0.03,2,445,ModuleA_fused_maxz
3.6541580341816062,0.06206896551724138,93.79310344827586,10.617441120305537,435,0.05,2,445,ModuleA_fused_maxz
4.711728887913491,0.09655172413793103,90.3448275862069,6.034373010821133,435,0.075,2,445,ModuleA_fused_maxz
5.388816859307701,0.10804597701149425,89.19540229885058,4.604286017398684,435,0.1,2,445,ModuleA_fused_maxz
9.369128589163578,0.14942528735632185,85.0574712643678,2.0284319966051347,435,0.15,2,445,ModuleA_fused_maxz
14.990216462507457,0.20229885057471264,79.77011494252874,1.396138340759601,435,0.2,2,445,ModuleA_fused_maxz
1.6590817637638011,0.006607929515418502,99.33920704845815,38.677482374925674,454,0.01,3,426,ModuleA_fused_maxz
2.225832484710748,0.011013215859030838,98.89867841409692,25.915229763017074,454,0.02,3,426,ModuleA_fused_maxz
2.668896090824415,0.02643171806167401,97.3568281938326,18.780259916758684,454,0.03,3,426,ModuleA_fused_maxz
3.5503480345204825,0.05506607929515418,94.49339207048459,10.133355984031258,454,0.05,3,426,ModuleA_fused_maxz
4.671263410192447,0.0881057268722467,91.18942731277532,4.968996857215663,454,0.075,3,426,ModuleA_fused_maxz
5.555056774084855,0.11674008810572688,88.32599118942731,3.1088082901554404,454,0.1,3,426,ModuleA_fused_maxz
9.369128589163578,0.14757709251101322,85.24229074889867,0.8961182366431666,454,0.15,3,426,ModuleA_fused_maxz
14.9191745015193,0.20044052863436124,79.95594713656388,0.35250148645205126,454,0.2,3,426,ModuleA_fused_maxz
1.6590817637638011,0.0069767441860465115,99.30232558139535,38.21807382265592,430,0.01,4,450,ModuleA_fused_maxz
2.2969614415063355,0.013953488372093023,98.6046511627907,24.35723377174374,430,0.02,4,450,ModuleA_fused_maxz
2.6049152467148007,0.020930232558139535,97.90697674418605,19.495120916419175,430,0.03,4,450,ModuleA_fused_maxz
3.062840870486792,0.027906976744186046,97.20930232558139,14.340263046245227,430,0.05,4,450,ModuleA_fused_maxz
3.778660732571523,0.04883720930232558,95.11627906976744,9.20661858294442,430,0.075,4,450,ModuleA_fused_maxz
4.860161746633505,0.07906976744186046,92.09302325581396,5.027577428935087,430,0.1,4,450,ModuleA_fused_maxz
8.95429604619608,0.13488372093023257,86.51162790697674,1.735256682223165,430,0.15,4,450,ModuleA_fused_maxz
14.990216462507457,0.20232558139534884,79.76744186046511,1.0097581671616462,430,0.2,4,450,ModuleA_fused_maxz
1.6590817637638011,0.006896551724137931,99.3103448275862,38.25588796944621,435,0.01,5,445,ModuleA_fused_maxz
2.2676011243161405,0.013793103448275862,98.62068965517241,25.20263102058137,435,0.02,5,445,ModuleA_fused_maxz
2.5708384903589168,0.013793103448275862,98.62068965517241,20.233396987057077,435,0.03,5,445,ModuleA_fused_maxz
3.474230197588936,0.04597701149425287,95.40229885057471,11.084235094419691,435,0.05,5,445,ModuleA_fused_maxz
4.378755888338978,0.08505747126436781,91.49425287356323,6.310205813706768,435,0.075,5,445,ModuleA_fused_maxz
5.409830478322538,0.1103448275862069,88.96551724137932,3.772544027158922,435,0.1,5,445,ModuleA_fused_maxz
9.574971404974823,0.15172413793103448,84.82758620689656,1.336728198599618,435,0.15,5,445,ModuleA_fused_maxz
14.9191745015193,0.2,80.0,0.7383831954169319,435,0.2,5,445,ModuleA_fused_maxz
1.102908151990297,0.004405286343612335,99.55947136563876,54.862821710693964,454,0.01,6,426,ModuleA_fused_maxz
2.225832484710748,0.011013215859030838,98.89867841409692,25.40983606557377,454,0.02,6,426,ModuleA_fused_maxz
2.592690703323473,0.01762114537444934,98.23788546255507,19.59143803618449,454,0.03,6,426,ModuleA_fused_maxz
3.1098070673684957,0.03303964757709251,96.69603524229075,13.688099889577849,454,0.05,6,426,ModuleA_fused_maxz
3.978062338175733,0.06167400881057269,93.83259911894272,8.0650641297885,454,0.075,6,426,ModuleA_fused_maxz
5.093080279011056,0.09030837004405286,90.96916299559471,4.467850165633228,454,0.1,6,426,ModuleA_fused_maxz
9.574971404974823,0.14977973568281938,85.02202643171806,1.3335598403125795,454,0.15,6,426,ModuleA_fused_maxz
14.9191745015193,0.20044052863436124,79.95594713656388,0.730485008069311,454,0.2,6,426,ModuleA_fused_maxz
1.0821956450927614,0.0022471910112359553,99.7752808988764,56.02207599235831,445,0.01,7,435,ModuleA_fused_maxz
2.225832484710748,0.011235955056179775,98.87640449438202,26.045425599660373,445,0.02,7,435,ModuleA_fused_maxz
2.6031119609790174,0.017977528089887642,98.20224719101124,19.868393122479304,445,0.03,7,435,ModuleA_fused_maxz
3.062840870486792,0.029213483146067417,97.07865168539325,14.46826576098493,445,0.05,7,435,ModuleA_fused_maxz
3.867047281452856,0.056179775280898875,94.3820224719101,8.749734663553385,445,0.075,7,435,ModuleA_fused_maxz
4.860161746633505,0.08089887640449438,91.91011235955057,5.158140522182126,445,0.1,7,435,ModuleA_fused_maxz
8.44817631911143,0.1258426966292135,87.41573033707866,1.8552324347272342,445,0.15,7,435,ModuleA_fused_maxz
13.035284122857568,0.15730337078651685,84.26966292134831,1.1292719167904903,445,0.2,7,435,ModuleA_fused_maxz
2.14880449479125,0.014705882352941176,98.52941176470588,27.240265261010034,476,0.01,8,404,ModuleA_fused_maxz
2.3945047956577157,0.018907563025210083,98.10924369747899,22.93827580343479,476,0.02,8,404,ModuleA_fused_maxz
3.1098070673684957,0.05042016806722689,94.9579831932773,14.219520489712634,476,0.03,8,404,ModuleA_fused_maxz
3.721479228070757,0.06302521008403361,93.69747899159664,9.709233123618432,476,0.05,8,404,ModuleA_fused_maxz
4.348315532358911,0.07983193277310924,92.01680672268907,6.771807515728617,476,0.075,8,404,ModuleA_fused_maxz
5.093080279011056,0.09033613445378151,90.96638655462185,4.905628294507737,476,0.1,8,404,ModuleA_fused_maxz
9.596940932488009,0.15546218487394958,84.45378151260505,1.7896616221730999,476,0.15,8,404,ModuleA_fused_maxz
15.796703222411416,0.21428571428571427,78.57142857142857,1.1945247406903587,476,0.2,8,404,ModuleA_fused_maxz
1.102908151990297,0.0045045045045045045,99.54954954954955,55.07301749023603,444,0.01,9,436,ModuleA_fused_maxz
2.2676011243161405,0.013513513513513514,98.64864864864865,24.9872643912379,444,0.02,9,436,ModuleA_fused_maxz
2.6894818437018024,0.02927927927927928,97.07207207207207,18.555781966377992,444,0.03,9,436,ModuleA_fused_maxz
3.098644117226608,0.03153153153153153,96.84684684684684,14.145016131771099,444,0.05,9,436,ModuleA_fused_maxz
3.867047281452856,0.05630630630630631,94.36936936936937,8.817286466293089,444,0.075,9,436,ModuleA_fused_maxz
4.711728887913491,0.07207207207207207,92.7927927927928,5.680081507896078,444,0.1,9,436,ModuleA_fused_maxz
8.92151024604183,0.13288288288288289,86.71171171171171,1.6938359653591442,444,0.15,9,436,ModuleA_fused_maxz
13.074526209497334,0.16216216216216217,83.78378378378379,0.9721514688402105,444,0.2,9,436,ModuleA_fused_maxz
1.057970379723646,0.0,100.0,56.665676329527614,439,0.01,10,441,ModuleA_fused_maxz
1.7627958525751437,0.002277904328018223,99.77220956719817,35.923772335639406,439,0.02,10,441,ModuleA_fused_maxz
2.4242837043158785,0.011389521640091117,98.86104783599089,22.78765756971266,439,0.03,10,441,ModuleA_fused_maxz
3.165620131830904,0.0387243735763098,96.12756264236903,13.900089130342517,439,0.05,10,441,ModuleA_fused_maxz
4.348315532358911,0.07972665148063782,92.02733485193622,7.003098340477909,439,0.075,10,441,ModuleA_fused_maxz
5.220804508075845,0.10022779043280182,89.97722095671982,4.728152455328721,439,0.1,10,441,ModuleA_fused_maxz
11.273212145811328,0.18223234624145787,81.77676537585421,1.6637663936165699,439,0.15,10,441,ModuleA_fused_maxz
17.540396012456018,0.2505694760820046,74.94305239179954,1.145961546623658,439,0.2,10,441,ModuleA_fused_maxz
2.14880449479125,0.014957264957264958,98.50427350427351,26.62757096719361,468,0.01,11,412,ModuleA_fused_maxz
2.5708384903589168,0.023504273504273504,97.64957264957265,19.798572157062726,468,0.02,11,412,ModuleA_fused_maxz
2.6056688857374537,0.023504273504273504,97.64957264957265,19.352371239163695,468,0.03,11,412,ModuleA_fused_maxz
3.1555625184593143,0.03632478632478633,96.36752136752136,13.356280809110999,468,0.05,11,412,ModuleA_fused_maxz
3.778660732571523,0.05128205128205128,94.87179487179486,8.847526772055074,468,0.075,11,412,ModuleA_fused_maxz
4.711728887913491,0.07264957264957266,92.73504273504274,5.231174570797212,468,0.1,11,412,ModuleA_fused_maxz
9.064619213866017,0.14102564102564102,85.8974358974359,1.5298317185109638,468,0.15,11,412,ModuleA_fused_maxz
14.00237952533987,0.17307692307692307,82.6923076923077,0.9263980962094169,468,0.2,11,412,ModuleA_fused_maxz
1.6746168178666252,0.009070294784580499,99.09297052154194,38.47361942357486,441,0.01,12,439,ModuleA_fused_maxz
2.225832484710748,0.011337868480725623,98.86621315192744,26.03251411350227,441,0.02,12,439,ModuleA_fused_maxz
2.790343603383892,0.034013605442176874,96.5986394557823,17.33944564709877,441,0.03,12,439,ModuleA_fused_maxz
3.58046481385049,0.05668934240362812,94.33106575963718,10.412156712933486,441,0.05,12,439,ModuleA_fused_maxz
4.254007340384766,0.07482993197278912,92.51700680272108,6.995203531559064,441,0.075,12,439,ModuleA_fused_maxz
5.34838281155112,0.10430839002267574,89.56916099773242,4.227683687762639,441,0.1,12,439,ModuleA_fused_maxz
9.064619213866017,0.1383219954648526,86.16780045351474,1.6214610127764335,441,0.15,12,439,ModuleA_fused_maxz
14.8258412711106,0.19501133786848074,80.49886621315193,0.925336389490216,441,0.2,12,439,ModuleA_fused_maxz
1.6590817637638011,0.006741573033707865,99.32584269662922,38.446189768626624,445,0.01,13,435,ModuleA_fused_maxz
2.3945047956577157,0.020224719101123594,97.97752808988764,22.84440670770537,445,0.02,13,435,ModuleA_fused_maxz
3.0142580354684343,0.04269662921348315,95.73033707865169,14.990447887921885,445,0.03,13,435,ModuleA_fused_maxz
3.6541580341816062,0.06292134831460675,93.70786516853933,9.938441944385481,445,0.05,13,435,ModuleA_fused_maxz
4.711728887913491,0.09662921348314607,90.3370786516854,5.527488855869242,445,0.075,13,435,ModuleA_fused_maxz
5.540395168580366,0.1146067415730337,88.53932584269663,3.9184886436000848,445,0.1,13,435,ModuleA_fused_maxz
9.064619213866017,0.1393258426966292,86.06741573033709,1.7957970706856292,445,0.15,13,435,ModuleA_fused_maxz
14.834561971419983,0.19775280898876405,80.2247191011236,1.1717257482487795,445,0.2,13,435,ModuleA_fused_maxz
1.6746168178666252,0.009111617312072893,99.08883826879271,38.08412206612623,439,0.01,14,441,ModuleA_fused_maxz
2.3844789844465963,0.018223234624145785,98.17767653758543,23.432791477441533,439,0.02,14,441,ModuleA_fused_maxz
2.6049152467148007,0.02050113895216401,97.9498861047836,19.92699800517805,439,0.03,14,441,ModuleA_fused_maxz
3.5066552482176414,0.04783599088838269,95.21640091116174,11.081872586053224,439,0.05,14,441,ModuleA_fused_maxz
4.671263410192447,0.0888382687927107,91.11617312072893,5.806205169559866,439,0.075,14,441,ModuleA_fused_maxz
5.528187867384346,0.11161731207289294,88.8382687927107,3.942956580790289,439,0.1,14,441,ModuleA_fused_maxz
9.775141814641607,0.15945330296127563,84.05466970387245,1.7062094138618904,439,0.15,14,441,ModuleA_fused_maxz
15.07218334584632,0.20501138952164008,79.49886104783599,1.1247400365009974,439,0.2,14,441,ModuleA_fused_maxz
1.102908151990297,0.005012531328320802,99.49874686716792,55.55696792508792,399,0.01,15,481,ModuleA_fused_maxz
2.1760098761673357,0.007518796992481203,99.24812030075188,27.003093089275875,399,0.02,15,481,ModuleA_fused_maxz
2.592690703323473,0.015037593984962405,98.49624060150376,20.138977161984663,399,0.03,15,481,ModuleA_fused_maxz
3.062840870486792,0.02506265664160401,97.4937343358396,14.537519596627261,399,0.05,15,481,ModuleA_fused_maxz
3.827413362787724,0.05012531328320802,94.9874686716792,9.003855768823355,399,0.075,15,481,ModuleA_fused_maxz
5.16899927703708,0.09523809523809523,90.47619047619048,4.326087877632304,399,0.1,15,481,ModuleA_fused_maxz
9.369128589163578,0.14786967418546365,85.21303258145363,1.3940087284437102,399,0.15,15,481,ModuleA_fused_maxz
14.54587580553945,0.18796992481203006,81.203007518797,0.8219990678361087,399,0.2,15,481,ModuleA_fused_maxz
1.7627958525751437,0.011363636363636364,98.86363636363636,35.797962648556876,440,0.01,16,440,ModuleA_fused_maxz
2.3844789844465963,0.01818181818181818,98.18181818181819,23.44227504244482,440,0.02,16,440,ModuleA_fused_maxz
2.790343603383892,0.03409090909090909,96.5909090909091,17.627334465195247,440,0.03,16,440,ModuleA_fused_maxz
3.813496376816377,0.075,92.5,9.282682512733446,440,0.05,16,440,ModuleA_fused_maxz
4.909460996488306,0.10909090909090909,89.0909090909091,5.106112054329372,440,0.075,16,440,ModuleA_fused_maxz
5.9832518476269785,0.1340909090909091,86.5909090909091,3.33616298811545,440,0.1,16,440,ModuleA_fused_maxz
10.710046235735732,0.175,82.5,1.3582342954159592,440,0.15,16,440,ModuleA_fused_maxz
16.251294877517367,0.2340909090909091,76.5909090909091,0.967741935483871,440,0.2,16,440,ModuleA_fused_maxz
2.1760098761673357,0.017937219730941704,98.20627802690582,26.75978602360533,446,0.01,17,434,ModuleA_fused_maxz
2.6031119609790174,0.02914798206278027,97.08520179372198,19.49562706971215,446,0.02,17,434,ModuleA_fused_maxz
2.9243158257778603,0.03811659192825112,96.18834080717488,15.564235374034135,446,0.03,17,434,ModuleA_fused_maxz
3.609037736878285,0.06053811659192825,93.94618834080718,9.747813534856075,446,0.05,17,434,ModuleA_fused_maxz
4.735674342216489,0.09865470852017937,90.13452914798206,4.937590218221958,446,0.075,17,434,ModuleA_fused_maxz
5.789658836232643,0.12556053811659193,87.4439461883408,2.976139933769211,446,0.1,17,434,ModuleA_fused_maxz
9.97199648741528,0.16143497757847533,83.85650224215246,0.9297783815912372,446,0.15,17,434,ModuleA_fused_maxz
16.028724443632843,0.2219730941704036,77.80269058295964,0.46701197248874926,446,0.2,17,434,ModuleA_fused_maxz
1.6590817637638011,0.00702576112412178,99.29742388758783,38.4380435243711,427,0.01,18,453,ModuleA_fused_maxz
2.6031119609790174,0.02810304449648712,97.18969555035129,20.095023968099095,427,0.02,18,453,ModuleA_fused_maxz
2.790343603383892,0.0351288056206089,96.4871194379391,17.749119755652654,427,0.03,18,453,ModuleA_fused_maxz
3.5254442425228008,0.05152224824355972,94.84777517564403,10.92775633139609,427,0.05,18,453,ModuleA_fused_maxz
4.34433979818117,0.07728337236533958,92.27166276346604,6.851058414287532,427,0.075,18,453,ModuleA_fused_maxz
5.307577562950588,0.10304449648711944,89.69555035128806,4.377889958851228,427,0.1,18,453,ModuleA_fused_maxz
9.369128589163578,0.14754098360655737,85.24590163934425,1.6501930174352013,427,0.15,18,453,ModuleA_fused_maxz
14.68083378359657,0.1920374707259953,80.79625292740047,0.9417553981249734,427,0.2,18,453,ModuleA_fused_maxz
1.102908151990297,0.004672897196261682,99.53271028037383,55.379263533005265,428,0.01,19,452,ModuleA_fused_maxz
2.668896090824415,0.035046728971962614,96.49532710280374,19.064992363821485,428,0.02,19,452,ModuleA_fused_maxz
3.062109997330472,0.04672897196261682,95.32710280373831,14.750551501781775,428,0.03,19,452,ModuleA_fused_maxz
3.754179671189098,0.07242990654205607,92.7570093457944,9.528253860512473,428,0.05,19,452,ModuleA_fused_maxz
4.687655206664886,0.09579439252336448,90.42056074766354,5.684710673680638,428,0.075,19,452,ModuleA_fused_maxz
5.528187867384346,0.11214953271028037,88.78504672897196,3.958085864585101,428,0.1,19,452,ModuleA_fused_maxz
9.775141814641607,0.16121495327102803,83.8785046728972,1.4763278465976584,428,0.15,19,452,ModuleA_fused_maxz
14.9191745015193,0.20093457943925233,79.90654205607477,0.9417953504157475,428,0.2,19,452,ModuleA_fused_maxz
2.1760098761673357,0.017057569296375266,98.29424307036247,27.011176745569678,469,0.01,20,411,ModuleA_fused_maxz
2.6031119609790174,0.02771855010660981,97.22814498933901,19.807912965874802,469,0.02,20,411,ModuleA_fused_maxz
3.098644117226608,0.04904051172707889,95.0959488272921,14.087799073562534,469,0.03,20,411,ModuleA_fused_maxz
3.827413362787724,0.0767590618336887,92.32409381663112,8.839403340274533,469,0.05,20,411,ModuleA_fused_maxz
4.854396938530329,0.1023454157782516,89.76545842217483,4.90416896859462,469,0.075,20,411,ModuleA_fused_maxz
5.555056774084855,0.11513859275053305,88.4861407249467,3.6250053121414307,469,0.1,20,411,ModuleA_fused_maxz
9.198546763365355,0.14498933901918976,85.50106609808103,1.3429093536186307,469,0.15,20,411,ModuleA_fused_maxz
15.166810732306503,0.2068230277185501,79.317697228145,0.7097020951085802,469,0.2,20,411,ModuleA_fused_maxz
1.7627958525751437,0.01179245283018868,98.82075471698113,35.91788259246692,424,0.01,21,456,ModuleA_fused_maxz
2.2969614415063355,0.014150943396226415,98.58490566037736,24.7794367153037,424,0.02,21,456,ModuleA_fused_maxz
2.592690703323473,0.01650943396226415,98.34905660377359,19.85917882592467,424,0.03,21,456,ModuleA_fused_maxz
3.1595715773412767,0.03773584905660377,96.22641509433963,13.484051577875805,424,0.05,21,456,ModuleA_fused_maxz
3.813496376816377,0.049528301886792456,95.04716981132076,9.09823549372243,424,0.075,21,456,ModuleA_fused_maxz
5.1045688612649505,0.09198113207547169,90.80188679245283,4.572446555819478,424,0.1,21,456,ModuleA_fused_maxz
9.00816053467564,0.13679245283018868,86.32075471698113,1.6542246352222598,424,0.15,21,456,ModuleA_fused_maxz
14.11856934481606,0.17688679245283018,82.31132075471697,1.0561588055649813,424,0.2,21,456,ModuleA_fused_maxz
1.6590817637638011,0.00702576112412178,99.29742388758783,38.51015992873202,427,0.01,22,453,ModuleA_fused_maxz
2.4242837043158785,0.02107728337236534,97.89227166276346,22.691214525092267,427,0.02,22,453,ModuleA_fused_maxz
2.790343603383892,0.0351288056206089,96.4871194379391,17.630339795528783,427,0.03,22,453,ModuleA_fused_maxz
3.2040192462891506,0.04215456674473068,95.78454332552693,13.451830484028338,427,0.05,22,453,ModuleA_fused_maxz
3.978062338175733,0.06088992974238876,93.91100702576112,8.429135027361813,427,0.075,22,453,ModuleA_fused_maxz
5.16899927703708,0.09601873536299765,90.39812646370024,4.7130191320578625,427,0.1,22,453,ModuleA_fused_maxz
9.076705501063309,0.1405152224824356,85.94847775175644,1.8538158062189793,427,0.15,22,453,ModuleA_fused_maxz
13.80192300656803,0.1686182669789227,83.13817330210773,1.1708310355067237,427,0.2,22,453,ModuleA_fused_maxz
1.6590817637638011,0.007142857142857143,99.28571428571429,38.71501272264631,420,0.01,23,460,ModuleA_fused_maxz
2.2969614415063355,0.014285714285714285,98.57142857142858,24.90245971162002,420,0.02,23,460,ModuleA_fused_maxz
2.6049152467148007,0.02142857142857143,97.85714285714285,19.957591178965224,420,0.03,23,460,ModuleA_fused_maxz
3.534503011409361,0.05238095238095238,94.76190476190476,10.992366412213741,420,0.05,23,460,ModuleA_fused_maxz
4.254007340384766,0.0761904761904762,92.38095238095238,7.26039016115352,420,0.075,23,460,ModuleA_fused_maxz
5.187181835238353,0.09761904761904762,90.23809523809524,4.817642069550467,420,0.1,23,460,ModuleA_fused_maxz
9.076705501063309,0.14047619047619048,85.95238095238096,2.0016963528413907,420,0.15,23,460,ModuleA_fused_maxz
14.990216462507457,0.20238095238095238,79.76190476190477,1.2128922815945717,420,0.2,23,460,ModuleA_fused_maxz
1.057970379723646,0.0,100.0,56.53891910265125,464,0.01,24,416,ModuleA_fused_maxz
1.8189788331709844,0.004310344827586207,99.56896551724138,34.113698164513934,464,0.02,24,416,ModuleA_fused_maxz
2.6049152467148007,0.021551724137931036,97.84482758620689,19.769714479945616,464,0.03,24,416,ModuleA_fused_maxz
3.5503480345204825,0.05603448275862069,94.39655172413794,10.723997280761386,464,0.05,24,416,ModuleA_fused_maxz
4.0850870294960275,0.0668103448275862,93.31896551724138,7.758327668252889,464,0.075,24,416,ModuleA_fused_maxz
4.909460996488306,0.08620689655172414,91.37931034482759,5.013596193065942,464,0.1,24,416,ModuleA_fused_maxz
9.00816053467564,0.13793103448275862,86.20689655172413,1.55931339225017,464,0.15,24,416,ModuleA_fused_maxz
16.062809834658214,0.22629310344827586,77.37068965517241,0.8455132562882393,464,0.2,24,416,ModuleA_fused_maxz
1.057970379723646,0.0,100.0,56.34556574923547,456,0.01,25,424,ModuleA_fused_maxz
2.2676011243161405,0.013157894736842105,98.68421052631578,24.85558953448862,456,0.02,25,424,ModuleA_fused_maxz
2.6056688857374537,0.02412280701754386,97.58771929824562,19.406218144750255,456,0.03,25,424,ModuleA_fused_maxz
3.5503480345204825,0.05482456140350877,94.51754385964912,10.601427115188583,456,0.05,25,424,ModuleA_fused_maxz
4.254007340384766,0.07675438596491228,92.32456140350878,6.935949711179069,456,0.075,25,424,ModuleA_fused_maxz
4.999974384013829,0.08771929824561403,91.22807017543859,4.888718994223582,456,0.1,25,424,ModuleA_fused_maxz
10.284713249763016,0.16666666666666666,83.33333333333334,1.3591573224600746,456,0.15,25,424,ModuleA_fused_maxz
14.9191745015193,0.19956140350877194,80.04385964912281,0.9344206591913015,456,0.2,25,424,ModuleA_fused_maxz
1.102908151990297,0.0044742729306487695,99.55257270693512,55.245616269689634,447,0.01,26,433,ModuleA_fused_maxz
2.5708384903589168,0.024608501118568233,97.53914988814317,20.642805587398634,447,0.02,26,433,ModuleA_fused_maxz
2.7088506503258887,0.03131991051454139,96.86800894854586,18.800152846771113,447,0.03,26,433,ModuleA_fused_maxz
3.5066552482176414,0.049217002237136466,95.07829977628636,11.221500445803082,447,0.05,26,433,ModuleA_fused_maxz
4.711728887913491,0.09619686800894854,90.38031319910515,5.897337918736467,447,0.075,26,433,ModuleA_fused_maxz
5.388816859307701,0.10738255033557047,89.26174496644296,4.402836156752856,447,0.1,26,433,ModuleA_fused_maxz
9.064619213866017,0.13870246085011187,86.12975391498881,1.7534921241455441,447,0.15,26,433,ModuleA_fused_maxz
14.08880719777692,0.1767337807606264,82.32662192393735,1.0062412431537384,447,0.2,26,433,ModuleA_fused_maxz
1.102908151990297,0.0049382716049382715,99.50617283950616,55.46090273363,405,0.01,27,475,ModuleA_fused_maxz
2.2969614415063355,0.014814814814814815,98.51851851851852,24.929010383555838,405,0.02,27,475,ModuleA_fused_maxz
2.668896090824415,0.024691358024691357,97.53086419753086,19.28374655647383,405,0.03,27,475,ModuleA_fused_maxz
3.098644117226608,0.02962962962962963,97.03703703703704,14.536978173341812,405,0.05,27,475,ModuleA_fused_maxz
3.727032842593105,0.03950617283950617,96.04938271604938,9.726636999364272,405,0.075,27,475,ModuleA_fused_maxz
4.671263410192447,0.06172839506172839,93.82716049382715,5.657978385251113,405,0.1,27,475,ModuleA_fused_maxz
9.064619213866017,0.1382716049382716,86.17283950617283,1.5681288408561134,405,0.15,27,475,ModuleA_fused_maxz
14.00237952533987,0.16790123456790124,83.20987654320989,0.8900190718372537,405,0.2,27,475,ModuleA_fused_maxz
1.0821956450927614,0.0022026431718061676,99.77973568281938,55.98403125796314,454,0.01,28,426,ModuleA_fused_maxz
2.4242837043158785,0.022026431718061675,97.79735682819384,22.37322687505309,454,0.02,28,426,ModuleA_fused_maxz
2.7088506503258887,0.03303964757709251,96.69603524229075,18.185679096237152,454,0.03,28,426,ModuleA_fused_maxz
3.721479228070757,0.06387665198237885,93.6123348017621,9.08434553639684,454,0.05,28,426,ModuleA_fused_maxz
4.34433979818117,0.07709251101321586,92.29074889867842,6.090206404484838,454,0.075,28,426,ModuleA_fused_maxz
5.34838281155112,0.10572687224669604,89.42731277533039,3.6311900110422153,454,0.1,28,426,ModuleA_fused_maxz
10.556969827882613,0.1696035242290749,83.03964757709251,0.9937993714431326,454,0.15,28,426,ModuleA_fused_maxz
15.166810732306503,0.20704845814977973,79.29515418502203,0.6455448908519494,454,0.2,28,426,ModuleA_fused_maxz
1.6590817637638011,0.007281553398058253,99.27184466019418,38.451755129726976,412,0.01,29,468,ModuleA_fused_maxz
2.2676011243161405,0.012135922330097087,98.7864077669903,25.317958283873153,412,0.02,29,468,ModuleA_fused_maxz
2.6056688857374537,0.021844660194174758,97.81553398058253,20.116160759708325,412,0.03,29,468,ModuleA_fused_maxz
3.2040192462891506,0.0412621359223301,95.87378640776699,13.71036120061048,412,0.05,29,468,ModuleA_fused_maxz
4.34433979818117,0.07766990291262135,92.23300970873787,7.300322197727659,412,0.075,29,468,ModuleA_fused_maxz
5.093080279011056,0.08980582524271845,91.01941747572816,5.31202306257419,412,0.1,29,468,ModuleA_fused_maxz
10.284713249763016,0.16747572815533981,83.25242718446601,1.9247074783788367,412,0.15,29,468,ModuleA_fused_maxz
14.990216462507457,0.20388349514563106,79.6116504854369,1.3905375614719349,412,0.2,29,468,ModuleA_fused_maxz
1.102908151990297,0.004750593824228029,99.5249406175772,55.04898426566012,421,0.01,30,459,ModuleA_fused_maxz
2.225832484710748,0.009501187648456057,99.04988123515439,25.98498664065482,421,0.02,30,459,ModuleA_fused_maxz
2.592690703323473,0.0166270783847981,98.33729216152018,20.11959794732601,421,0.03,30,459,ModuleA_fused_maxz
3.1098070673684957,0.030878859857482184,96.91211401425178,14.406887484626148,421,0.05,30,459,ModuleA_fused_maxz
3.964724306013988,0.05938242280285035,94.06175771971496,8.67721277407863,421,0.075,30,459,ModuleA_fused_maxz
5.158223302681663,0.09263657957244656,90.73634204275535,4.82632851265957,421,0.1,30,459,ModuleA_fused_maxz
8.92151024604183,0.13064133016627077,86.93586698337292,1.9254421307095297,421,0.15,30,459,ModuleA_fused_maxz
14.367464134082788,0.18052256532066507,81.94774346793349,1.1153992959837145,421,0.2,30,459,ModuleA_fused_maxz
2.2969614415063355,0.024774774774774775,97.52252252252252,24.60944133129564,444,0.01,31,436,ModuleA_fused_maxz
2.6049152467148007,0.03153153153153153,96.84684684684684,19.731703175411784,444,0.02,31,436,ModuleA_fused_maxz
3.0142580354684343,0.04279279279279279,95.72072072072072,14.98132110714892,444,0.03,31,436,ModuleA_fused_maxz
3.6541580341816062,0.06306306306306306,93.69369369369369,9.950755646119884,444,0.05,31,436,ModuleA_fused_maxz
4.378755888338978,0.08558558558558559,91.44144144144144,6.473934454066904,444,0.075,31,436,ModuleA_fused_maxz
5.220804508075845,0.10135135135135136,89.86486486486487,4.533876719307183,444,0.1,31,436,ModuleA_fused_maxz
9.714293282255808,0.15765765765765766,84.23423423423422,1.6556291390728477,444,0.15,31,436,ModuleA_fused_maxz
14.9191745015193,0.20045045045045046,79.95495495495496,1.0782815418577008,444,0.2,31,436,ModuleA_fused_maxz
1.6590817637638011,0.007042253521126761,99.29577464788733,38.47883261219988,426,0.01,32,454,ModuleA_fused_maxz
2.3844789844465963,0.01643192488262911,98.35680751173709,23.12293204377704,426,0.02,32,454,ModuleA_fused_maxz
2.6049152467148007,0.02112676056338028,97.88732394366197,19.839653855942988,426,0.03,32,454,ModuleA_fused_maxz
3.5066552482176414,0.04929577464788732,95.07042253521126,10.978196317977433,426,0.05,32,454,ModuleA_fused_maxz
4.378755888338978,0.08450704225352113,91.54929577464789,6.6386697208789345,426,0.075,32,454,ModuleA_fused_maxz
5.220804508075845,0.10093896713615023,89.90610328638498,4.678883515737677,426,0.1,32,454,ModuleA_fused_maxz
9.198546763365355,0.1431924882629108,85.68075117370893,1.9131246288283703,426,0.15,32,454,ModuleA_fused_maxz
14.08880719777692,0.17370892018779344,82.62910798122066,1.264104521930941,426,0.2,32,454,ModuleA_fused_maxz
1.0821956450927614,0.002242152466367713,99.77578475336323,55.79943958563302,446,0.01,33,434,ModuleA_fused_maxz
2.2969614415063355,0.01569506726457399,98.4304932735426,24.62426764031587,446,0.02,33,434,ModuleA_fused_maxz
3.0142580354684343,0.042600896860986545,95.73991031390135,14.893436359004841,446,0.03,33,434,ModuleA_fused_maxz
3.7275957717591752,0.06950672645739911,93.04932735426009,9.433641844272735,446,0.05,33,434,ModuleA_fused_maxz
4.711728887913491,0.09641255605381166,90.35874439461884,5.502250148594719,446,0.075,33,434,ModuleA_fused_maxz
5.540395168580366,0.11434977578475336,88.56502242152466,3.6596756389572898,446,0.1,33,434,ModuleA_fused_maxz
9.198546763365355,0.14349775784753363,85.65022421524664,1.4137726076250319,446,0.15,33,434,ModuleA_fused_maxz
14.8258412711106,0.19506726457399104,80.49327354260089,0.7387280292094761,446,0.2,33,434,ModuleA_fused_maxz
1.7627958525751437,0.011389521640091117,98.86104783599089,35.957726751835665,439,0.01,34,441,ModuleA_fused_maxz
2.5708384903589168,0.025056947608200455,97.49430523917995,20.02886125376682,439,0.02,34,441,ModuleA_fused_maxz
3.1555625184593143,0.05466970387243736,94.53302961275627,13.195534994270192,439,0.03,34,441,ModuleA_fused_maxz
4.039387474379291,0.0888382687927107,91.11617312072893,7.236534951827172,439,0.05,34,441,ModuleA_fused_maxz
4.854396938530329,0.10250569476082004,89.749430523918,4.43953991766054,439,0.075,34,441,ModuleA_fused_maxz
5.614885229711888,0.11845102505694761,88.15489749430525,2.907346886804465,439,0.1,34,441,ModuleA_fused_maxz
10.556969827882613,0.17084282460136674,82.91571753986332,0.6281566996307457,439,0.15,34,441,ModuleA_fused_maxz
15.471517389361448,0.20956719817767655,79.04328018223235,0.33105555791350116,439,0.2,34,441,ModuleA_fused_maxz
1.102908151990297,0.0044943820224719105,99.5505617977528,54.931012523880284,445,0.01,35,435,ModuleA_fused_maxz
2.3844789844465963,0.017977528089887642,98.20224719101124,23.099129696455105,445,0.02,35,435,ModuleA_fused_maxz
2.6894818437018024,0.029213483146067417,97.07865168539325,18.509870515814054,445,0.03,35,435,ModuleA_fused_maxz
3.534503011409361,0.05393258426966292,94.6067415730337,10.779027807259606,445,0.05,35,435,ModuleA_fused_maxz
4.735674342216489,0.09887640449438202,90.11235955056179,5.603905752494163,445,0.075,35,435,ModuleA_fused_maxz
5.643233252343978,0.12134831460674157,87.86516853932585,3.8123540649543624,445,0.1,35,435,ModuleA_fused_maxz
10.417944542638644,0.16853932584269662,83.14606741573034,1.4858841010401187,445,0.15,35,435,ModuleA_fused_maxz
16.062809834658214,0.22696629213483147,77.30337078651685,1.040118870728083,445,0.2,35,435,ModuleA_fused_maxz
1.7627958525751437,0.011061946902654867,98.89380530973452,35.87990487514863,452,0.01,36,428,ModuleA_fused_maxz
2.3844789844465963,0.017699115044247787,98.23008849557522,23.212162391710546,452,0.02,36,428,ModuleA_fused_maxz
2.7088506503258887,0.033185840707964605,96.68141592920354,18.455919823339563,452,0.03,36,428,ModuleA_fused_maxz
3.5503480345204825,0.05530973451327434,94.46902654867256,10.850178359096315,452,0.05,36,428,ModuleA_fused_maxz
4.665160761940959,0.08628318584070796,91.3716814159292,5.788177339901478,452,0.075,36,428,ModuleA_fused_maxz
5.388816859307701,0.1084070796460177,89.15929203539822,4.110752505520638,452,0.1,36,428,ModuleA_fused_maxz
9.369128589163578,0.14823008849557523,85.17699115044249,1.443859351112621,452,0.15,36,428,ModuleA_fused_maxz
14.54587580553945,0.1902654867256637,80.97345132743364,0.7813827076609479,452,0.2,36,428,ModuleA_fused_maxz
1.6590817637638011,0.006818181818181818,99.31818181818181,38.3106960950764,440,0.01,37,440,ModuleA_fused_maxz
2.225832484710748,0.011363636363636364,98.86363636363636,25.534804753820033,440,0.02,37,440,ModuleA_fused_maxz
2.592690703323473,0.015909090909090907,98.4090909090909,19.681663837011882,440,0.03,37,440,ModuleA_fused_maxz
3.0142580354684343,0.022727272727272728,97.72727272727273,14.592529711375214,440,0.05,37,440,ModuleA_fused_maxz
4.039387474379291,0.06363636363636363,93.63636363636364,7.584889643463498,440,0.075,37,440,ModuleA_fused_maxz
5.307577562950588,0.10227272727272728,89.77272727272727,3.9770797962648556,440,0.1,37,440,ModuleA_fused_maxz
9.369128589163578,0.14772727272727273,85.22727272727273,1.4516129032258065,440,0.15,37,440,ModuleA_fused_maxz
14.9191745015193,0.2,80.0,0.8531409168081493,440,0.2,37,440,ModuleA_fused_maxz
2.1760098761673357,0.017582417582417582,98.24175824175823,26.89743045232533,455,0.01,38,425,ModuleA_fused_maxz
2.6031119609790174,0.02857142857142857,97.14285714285714,19.672966659588024,455,0.02,38,425,ModuleA_fused_maxz
2.6894818437018024,0.03076923076923077,96.92307692307692,18.54321511998301,455,0.03,38,425,ModuleA_fused_maxz
3.5066552482176414,0.04835164835164835,95.16483516483515,11.140369505202804,455,0.05,38,425,ModuleA_fused_maxz
4.243539056055693,0.07472527472527472,92.52747252747253,7.198980675302612,455,0.075,38,425,ModuleA_fused_maxz
4.860161746633505,0.08131868131868132,91.86813186813187,5.415162454873646,455,0.1,38,425,ModuleA_fused_maxz
7.569973466553306,0.11648351648351649,88.35164835164835,2.5185814397961352,455,0.15,38,425,ModuleA_fused_maxz
13.645390317987545,0.16703296703296702,83.2967032967033,1.3166277341261414,455,0.2,38,425,ModuleA_fused_maxz
1.6590817637638011,0.006564551422319475,99.34354485776805,38.31287431508304,457,0.01,39,423,ModuleA_fused_maxz
2.3844789844465963,0.0175054704595186,98.24945295404814,23.153378923671582,457,0.02,39,423,ModuleA_fused_maxz
2.6056688857374537,0.024070021881838075,97.59299781181619,19.80206430786221,457,0.03,39,423,ModuleA_fused_maxz
3.2040192462891506,0.04157549234135667,95.84245076586433,13.243851675657309,457,0.05,39,423,ModuleA_fused_maxz
3.964724306013988,0.061269146608315096,93.8730853391685,8.308202013337297,457,0.075,39,423,ModuleA_fused_maxz
4.832168390631802,0.07658643326039387,92.34135667396062,5.21598776706452,457,0.1,39,423,ModuleA_fused_maxz
8.742470630515248,0.13129102844638948,86.87089715536105,1.5800874994690566,457,0.15,39,423,ModuleA_fused_maxz
13.039419297267711,0.16192560175054704,83.80743982494529,0.9217177080236163,457,0.2,39,423,ModuleA_fused_maxz
-0.33501497667224756,0.0,100.0,99.96184824078,410,0.01,0,470,ModuleB_upper_bound_margin
-0.3204793720743564,0.01951219512195122,98.04878048780488,99.77108944467994,410,0.02,0,470,ModuleB_upper_bound_margin
-0.3090065173590217,0.02926829268292683,97.07317073170731,99.21576939381094,410,0.03,0,470,ModuleB_upper_bound_margin
-0.2976478246867184,0.05365853658536585,94.6341463414634,97.83806697753286,410,0.05,0,470,ModuleB_upper_bound_margin
-0.2785261895966862,0.09024390243902439,90.97560975609757,92.92072912250954,410,0.075,0,470,ModuleB_upper_bound_margin
-0.26762171685206043,0.12439024390243902,87.5609756097561,87.68122085629504,410,0.1,0,470,ModuleB_upper_bound_margin
-0.24744381774852767,0.17317073170731706,82.68292682926828,72.40779991521832,410,0.15,0,470,ModuleB_upper_bound_margin
-0.22917477337721223,0.22439024390243903,77.5609756097561,53.802458668927514,410,0.2,0,470,ModuleB_upper_bound_margin
-0.3287053425248363,0.011467889908256881,98.85321100917432,99.97878119164828,436,0.01,1,444,ModuleB_upper_bound_margin
-0.31259424322920565,0.027522935779816515,97.24770642201835,99.7623493464607,436,0.02,1,444,ModuleB_upper_bound_margin
-0.30840324915387773,0.034403669724770644,96.55963302752293,99.60533016465796,436,0.03,1,444,ModuleB_upper_bound_margin
-0.2979726123361612,0.0481651376146789,95.18348623853211,98.76506535392973,436,0.05,1,444,ModuleB_upper_bound_margin
-0.2829089564174677,0.07568807339449542,92.43119266055045,96.13393311831608,436,0.075,1,444,ModuleB_upper_bound_margin
-0.27442159160747026,0.09174311926605505,90.82568807339449,93.74045153624172,436,0.1,1,444,ModuleB_upper_bound_margin
-0.24880009702693925,0.1536697247706422,84.63302752293578,79.44746223052114,436,0.15,1,444,ModuleB_upper_bound_margin
-0.23387905054731867,0.19724770642201836,80.27522935779817,65.98625021218808,436,0.2,1,444,ModuleB_upper_bound_margin
-0.3303400953800892,0.004597701149425287,99.54022988505747,99.94483343942288,435,0.01,2,445,ModuleB_upper_bound_margin
-0.3243892645934142,0.011494252873563218,98.85057471264368,99.88542329726289,435,0.02,2,445,ModuleB_upper_bound_margin
-0.30986426804575623,0.020689655172413793,97.93103448275862,99.35073201782303,435,0.03,2,445,ModuleB_upper_bound_margin
-0.2987252592937812,0.04367816091954023,95.63218390804597,98.30256736685763,435,0.05,2,445,ModuleB_upper_bound_margin
-0.2891900875536386,0.05517241379310345,94.48275862068965,96.65605771270953,435,0.075,2,445,ModuleB_upper_bound_margin
-0.27662082572220537,0.07126436781609195,92.87356321839081,92.94716740929344,435,0.1,2,445,ModuleB_upper_bound_margin
-0.2576081976594675,0.11264367816091954,88.73563218390804,83.5815828559304,435,0.15,2,445,ModuleB_upper_bound_margin
-0.2414563305780464,0.15632183908045977,84.36781609195401,70.88478676002546,435,0.2,2,445,ModuleB_upper_bound_margin
-0.3287053425248363,0.011013215859030838,98.89867841409692,99.97027095897393,454,0.01,3,426,ModuleB_upper_bound_margin
-0.3236263531626586,0.015418502202643172,98.45814977973568,99.93629491208698,454,0.02,3,426,ModuleB_upper_bound_margin
-0.30966994891245514,0.024229074889867842,97.57709251101322,99.64325150768708,454,0.03,3,426,ModuleB_upper_bound_margin
-0.2987252592937812,0.04405286343612335,95.59471365638767,98.75562728276564,454,0.05,3,426,ModuleB_upper_bound_margin
-0.28490028866416195,0.07048458149779736,92.95154185022027,96.49622016478384,454,0.075,3,426,ModuleB_upper_bound_margin
-0.274187007666075,0.09691629955947137,90.30837004405286,93.1198505053937,454,0.1,3,426,ModuleB_upper_bound_margin
-0.24781295704544473,0.16079295154185022,83.92070484581498,75.49052917693027,454,0.15,3,426,ModuleB_upper_bound_margin
-0.2299975556916533,0.21585903083700442,78.41409691629956,57.521447379597376,454,0.2,3,426,ModuleB_upper_bound_margin
-0.3258356039839777,0.018604651162790697,98.13953488372093,99.9406024607552,430,0.01,4,450,ModuleB_upper_bound_margin
-0.3117783129755046,0.027906976744186046,97.20930232558139,99.60118795078489,430,0.02,4,450,ModuleB_upper_bound_margin
-0.30484546204292556,0.04883720930232558,95.11627906976744,99.18540517607127,430,0.03,4,450,ModuleB_upper_bound_margin
-0.28455869633308956,0.1,90.0,95.8124734832414,430,0.05,4,450,ModuleB_upper_bound_margin
-0.2747521327747753,0.11395348837209303,88.60465116279069,92.32074671192193,430,0.075,4,450,ModuleB_upper_bound_margin
-0.25951559896330806,0.1511627906976744,84.88372093023256,83.27110733983878,430,0.1,4,450,ModuleB_upper_bound_margin
-0.24512317667291314,0.1883720930232558,81.16279069767441,71.4297836232499,430,0.15,4,450,ModuleB_upper_bound_margin
-0.22803556967956634,0.23488372093023255,76.51162790697674,53.996605854900295,430,0.2,4,450,ModuleB_upper_bound_margin
-0.3273220503823271,0.016091954022988506,98.39080459770115,99.9618077657543,435,0.01,5,445,ModuleB_upper_bound_margin
-0.3161586333540399,0.022988505747126436,97.70114942528735,99.83025673668577,435,0.02,5,445,ModuleB_upper_bound_margin
-0.3096166266033024,0.02528735632183908,97.47126436781609,99.61807765754297,435,0.03,5,445,ModuleB_upper_bound_margin
-0.3008885270139005,0.03908045977011494,96.0919540229885,98.9221302779546,435,0.05,5,445,ModuleB_upper_bound_margin
-0.28578597792928284,0.06436781609195402,93.5632183908046,96.32930193082963,435,0.075,5,445,ModuleB_upper_bound_margin
-0.2695013880786087,0.11264367816091954,88.73563218390804,90.47315934648844,435,0.1,5,445,ModuleB_upper_bound_margin
-0.24700762419817734,0.17471264367816092,82.5287356321839,75.37025249310419,435,0.15,5,445,ModuleB_upper_bound_margin
-0.22678396591816685,0.2413793103448276,75.86206896551724,55.56545724591555,435,0.2,5,445,ModuleB_upper_bound_margin
-0.3287053425248363,0.011013215859030838,98.89867841409692,99.95328293553045,454,0.01,6,426,ModuleB_upper_bound_margin
-0.3232138708589941,0.01762114537444934,98.23788546255507,99.89807185933917,454,0.02,6,426,ModuleB_upper_bound_margin
-0.3092987256243782,0.028634361233480177,97.13656387665198,99.4563832498089,454,0.03,6,426,ModuleB_upper_bound_margin
-0.2987252592937812,0.04405286343612335,95.59471365638767,98.54327698972224,454,0.05,6,426,ModuleB_upper_bound_margin
-0.2859325259824987,0.06167400881057269,93.83259911894272,96.30935190690563,454,0.075,6,426,ModuleB_upper_bound_margin
-0.2747872441877735,0.08590308370044053,91.40969162995594,92.56773974348084,454,0.1,6,426,ModuleB_upper_bound_margin
-0.2507541591690662,0.13876651982378854,86.12334801762115,77.67349018941646,454,0.15,6,426,ModuleB_upper_bound_margin
-0.22917477337721223,0.22246696035242292,77.75330396475772,57.11798182281491,454,0.2,6,426,ModuleB_upper_bound_margin
-0.3287053425248363,0.011235955056179775,98.87640449438202,99.95754616854171,445,0.01,7,435,ModuleB_upper_bound_margin
-0.3236263531626586,0.015730337078651686,98.42696629213484,99.90235618764594,445,0.02,7,435,ModuleB_upper_bound_margin
-0.3090065173590217,0.029213483146067417,97.07865168539325,99.3971555932923,445,0.03,7,435,ModuleB_upper_bound_margin
-0.294072742743467,0.060674157303370786,93.93258426966293,97.68626618552324,445,0.05,7,435,ModuleB_upper_bound_margin
-0.2825726618597884,0.07865168539325842,92.13483146067416,94.86308639354701,445,0.075,7,435,ModuleB_upper_bound_margin
-0.27194777965700223,0.10112359550561797,89.8876404494382,90.83421778815539,445,0.1,7,435,ModuleB_upper_bound_margin
-0.24874290457968137,0.1550561797752809,84.49438202247191,74.97346635533857,445,0.15,7,435,ModuleB_upper_bound_margin
-0.23041112121231172,0.21348314606741572,78.65168539325843,56.777754192315854,445,0.2,7,435,ModuleB_upper_bound_margin
-0.3303400953800892,0.004201680672268907,99.57983193277312,99.95749022275123,476,0.01,8,404,ModuleB_upper_bound_margin
-0.3160581409959014,0.023109243697478993,97.68907563025209,99.70668253698351,476,0.02,8,404,ModuleB_upper_bound_margin
-0.3090065173590217,0.029411764705882353,97.05882352941177,99.36235334126849,476,0.03,8,404,ModuleB_upper_bound_margin
-0.2959075544225462,0.05672268907563025,94.32773109243698,98.03179731338207,476,0.05,8,404,ModuleB_upper_bound_margin
-0.27902678224856337,0.0861344537815126,91.38655462184873,94.03587825199796,476,0.075,8,404,ModuleB_upper_bound_margin
-0.2695708583343526,0.1092436974789916,89.07563025210085,90.29076687638157,476,0.1,8,404,ModuleB_upper_bound_margin
-0.24921231542933342,0.14915966386554622,85.08403361344537,76.72164597857507,476,0.15,8,404,ModuleB_upper_bound_margin
-0.22950973945629274,0.2184873949579832,78.15126050420169,58.12361843223941,476,0.2,8,404,ModuleB_upper_bound_margin
-0.3303400953800892,0.0045045045045045045,99.54954954954955,99.957547970793,444,0.01,9,436,ModuleB_upper_bound_margin
-0.32426851274030005,0.013513513513513514,98.64864864864865,99.9066055357446,444,0.02,9,436,ModuleB_upper_bound_margin
-0.3090065173590217,0.02927927927927928,97.07207207207207,99.55425369332654,444,0.03,9,436,ModuleB_upper_bound_margin
-0.30391731982200676,0.036036036036036036,96.3963963963964,99.34199354729157,444,0.05,9,436,ModuleB_upper_bound_margin
-0.2918448660221222,0.04279279279279279,95.72072072072072,98.13635591781286,444,0.075,9,436,ModuleB_upper_bound_margin
-0.2825726618597884,0.05405405405405406,94.5945945945946,96.42553914077094,444,0.1,9,436,ModuleB_upper_bound_margin
-0.26155459438003886,0.09009009009009009,90.990990990991,87.86296484971982,444,0.15,9,436,ModuleB_upper_bound_margin
-0.24261332726098608,0.15090090090090091,84.90990990990991,73.21701477330616,444,0.2,9,436,ModuleB_upper_bound_margin
-0.3303400953800892,0.004555808656036446,99.54441913439635,99.94482407368108,439,0.01,10,441,ModuleB_upper_bound_margin
-0.3161586333540399,0.022779043280182234,97.72209567198178,99.75383048257714,439,0.02,10,441,ModuleB_upper_bound_margin
-0.30843363927549305,0.03189066059225513,96.81093394077449,99.39306481049192,439,0.03,10,441,ModuleB_upper_bound_margin
-0.2987252592937812,0.04328018223234624,95.67198177676538,98.54844870761004,439,0.05,10,441,ModuleB_upper_bound_margin
-0.278244168731241,0.09111617312072894,90.8883826879271,94.3211238911761,439,0.075,10,441,ModuleB_upper_bound_margin
-0.2631538055259311,0.1366742596810934,86.33257403189066,87.35622426891898,439,0.1,10,441,ModuleB_upper_bound_margin
-0.2429639700314182,0.1958997722095672,80.41002277904327,72.02580535630916,439,0.15,10,441,ModuleB_upper_bound_margin
-0.2272813499685579,0.23917995444191345,76.08200455580865,56.29217775136879,439,0.2,10,441,ModuleB_upper_bound_margin
-0.33156397363977896,0.002136752136752137,99.78632478632478,99.97025327214007,468,0.01,11,412,ModuleB_upper_bound_margin
-0.3236263531626586,0.014957264957264958,98.50427350427351,99.90226075131736,468,0.02,11,412,ModuleB_upper_bound_margin
-0.30966994891245514,0.023504273504273504,97.64957264957265,99.55379908210097,468,0.03,11,412,ModuleB_upper_bound_margin
-0.3008885270139005,0.0405982905982906,95.94017094017094,98.86537480877104,468,0.05,11,412,ModuleB_upper_bound_margin
-0.29069332521263547,0.053418803418803416,94.65811965811966,97.2760496345402,468,0.075,11,412,ModuleB_upper_bound_margin
-0.2695708583343526,0.10897435897435898,89.1025641025641,90.35356110827809,468,0.1,11,412,ModuleB_upper_bound_margin
-0.24882952786372464,0.1517094017094017,84.82905982905983,76.11762706102328,468,0.15,11,412,ModuleB_upper_bound_margin
-0.23290734123418833,0.20726495726495728,79.27350427350427,59.98215196328404,468,0.2,11,412,ModuleB_upper_bound_margin
-0.3303400953800892,0.0045351473922902496,99.54648526077098,99.97028736364022,441,0.01,12,439,ModuleB_upper_bound_margin
-0.3258356039839777,0.009070294784580499,99.09297052154194,99.93633006494333,441,0.02,12,439,ModuleB_upper_bound_margin
-0.30966994891245514,0.022675736961451247,97.73242630385488,99.579778428626,441,0.03,12,439,ModuleB_upper_bound_margin
-0.30484546204292556,0.027210884353741496,97.27891156462584,99.28689672736533,441,0.05,12,439,ModuleB_upper_bound_margin
-0.28455869633308956,0.07256235827664399,92.7437641723356,96.3623243770958,441,0.075,12,439,ModuleB_upper_bound_margin
-0.2747872441877735,0.08390022675736962,91.60997732426304,93.2976781697016,441,0.1,12,439,ModuleB_upper_bound_margin
-0.2541012854085064,0.12471655328798185,87.52834467120182,81.28952841801434,441,0.15,12,439,ModuleB_upper_bound_margin
-0.23817087620397864,0.17913832199546487,82.08616780045351,66.78976187444289,441,0.2,12,439,ModuleB_upper_bound_margin
-0.3273220503823271,0.015730337078651686,98.42696629213484,99.96179155168754,445,0.01,13,435,ModuleB_upper_bound_margin
-0.3236263531626586,0.015730337078651686,98.42696629213484,99.9108469539376,445,0.02,13,435,ModuleB_upper_bound_margin
-0.3080561922282573,0.035955056179775284,96.40449438202248,99.33347484610486,445,0.03,13,435,ModuleB_upper_bound_margin
-0.2936111109042237,0.06292134831460675,93.70786516853933,97.74994693271067,445,0.05,13,435,ModuleB_upper_bound_margin
-0.2816385832600148,0.08089887640449438,91.91011235955057,95.19422627892166,445,0.075,13,435,ModuleB_upper_bound_margin
-0.27474213689974397,0.0898876404494382,91.01123595505618,93.08851623859053,445,0.1,13,435,ModuleB_upper_bound_margin
-0.2522443118591465,0.13258426966292136,86.74157303370787,80.85756739545744,445,0.15,13,435,ModuleB_upper_bound_margin
-0.23989467046615243,0.1707865168539326,82.92134831460675,70.67713861175972,445,0.2,13,435,ModuleB_upper_bound_margin
-0.3290022868413368,0.00683371298405467,99.31662870159454,99.97453418785281,439,0.01,14,441,ModuleB_upper_bound_margin
-0.3236263531626586,0.015945330296127564,98.40546697038725,99.94057977165654,439,0.02,14,441,ModuleB_upper_bound_margin
-0.3080561922282573,0.03644646924829157,96.35535307517085,99.58830270362039,439,0.03,14,441,ModuleB_upper_bound_margin
-0.2976478246867184,0.05239179954441914,94.76082004555809,98.62060184202707,439,0.05,14,441,ModuleB_upper_bound_margin
-0.2785261895966862,0.0888382687927107,91.11617312072893,94.6521794490896,439,0.075,14,441,ModuleB_upper_bound_margin
-0.26903036413198583,0.11617312072892938,88.38268792710706,91.15063027885064,439,0.1,14,441,ModuleB_upper_bound_margin
-0.24688610767683372,0.17539863325740318,82.46013667425967,77.43729043758754,439,0.15,14,441,ModuleB_upper_bound_margin
-0.23370179728637475,0.20273348519362186,79.72665148063781,65.05241713000296,439,0.2,14,441,ModuleB_upper_bound_margin
-0.32868167319660363,0.015037593984962405,98.49624060150376,99.97034023982035,399,0.01,15,481,ModuleB_upper_bound_margin
-0.3204793720743564,0.020050125313283207,97.99498746867168,99.89407228507267,399,0.02,15,481,ModuleB_upper_bound_margin
-0.30840324915387773,0.03508771929824561,96.49122807017544,99.6144231176645,399,0.03,15,481,ModuleB_upper_bound_margin
-0.29309767775332635,0.06516290726817042,93.48370927318295,98.26278547519173,399,0.05,15,481,ModuleB_upper_bound_margin
-0.278244168731241,0.09273182957393483,90.72681704260651,95.36884030337698,399,0.075,15,481,ModuleB_upper_bound_margin
-0.2684983642939389,0.12030075187969924,87.96992481203007,91.81814329901276,399,0.1,15,481,ModuleB_upper_bound_margin
-0.2485697209408483,0.16040100250626566,83.95989974937343,78.84835388331003,399,0.15,15,481,ModuleB_upper_bound_margin
-0.2337838275175233,0.20050125313283207,79.9498746867168,64.70912249480955,399,0.2,15,481,ModuleB_upper_bound_margin
-0.3287053425248363,0.011363636363636364,98.86363636363636,99.9490662139219,440,0.01,16,440,ModuleB_upper_bound_margin
-0.31259424322920565,0.02727272727272727,97.27272727272728,99.61375212224108,440,0.02,16,440,ModuleB_upper_bound_margin
-0.3090065173590217,0.029545454545454545,97.04545454545455,99.43972835314092,440,0.03,16,440,ModuleB_upper_bound_margin
-0.2979726123361612,0.04772727272727273,95.22727272727273,98.5993208828523,440,0.05,16,440,ModuleB_upper_bound_margin
-0.2852924118477677,0.06818181818181818,93.18181818181817,96.72750424448218,440,0.075,16,440,ModuleB_upper_bound_margin
-0.27474213689974397,0.08863636363636364,91.13636363636364,93.88794567062818,440,0.1,16,440,ModuleB_upper_bound_margin
-0.2475858114150519,0.16590909090909092,83.4090909090909,77.83106960950764,440,0.15,16,440,ModuleB_upper_bound_margin
-0.23290734123418833,0.20681818181818182,79.31818181818183,63.9176570458404,440,0.2,16,440,ModuleB_upper_bound_margin
-0.3287053425248363,0.011210762331838564,98.87892376681614,99.95329880275112,446,0.01,17,434,ModuleB_upper_bound_margin
-0.3236263531626586,0.01569506726457399,98.4304932735426,99.90659760550224,446,0.02,17,434,ModuleB_upper_bound_margin
-0.3096166266033024,0.02466367713004484,97.53363228699553,99.47779570348986,446,0.03,17,434,ModuleB_upper_bound_margin
-0.2987252592937812,0.04484304932735426,95.51569506726457,98.4715971809459,446,0.05,17,434,ModuleB_upper_bound_margin
-0.2806873824321598,0.08295964125560538,91.70403587443946,95.03693640146047,446,0.075,17,434,ModuleB_upper_bound_margin
-0.27436798387207645,0.09417040358744394,90.5829596412556,92.99906597605502,446,0.1,17,434,ModuleB_upper_bound_margin
-0.2504437309597314,0.1412556053811659,85.87443946188341,79.10333701282161,446,0.15,17,434,ModuleB_upper_bound_margin
-0.23530510059427034,0.18834080717488788,81.16591928251121,65.39441283858368,446,0.2,17,434,ModuleB_upper_bound_margin
-0.3290022868413368,0.00702576112412178,99.29742388758783,99.96182072710305,427,0.01,18,453,ModuleB_upper_bound_margin
-0.3232138708589941,0.01639344262295082,98.36065573770492,99.9109150299071,427,0.02,18,453,ModuleB_upper_bound_margin
-0.3092987256243782,0.02810304449648712,97.18969555035129,99.55881729096848,427,0.03,18,453,ModuleB_upper_bound_margin
-0.30344211939251775,0.03747072599531616,96.25292740046838,99.13460314766894,427,0.05,18,453,ModuleB_upper_bound_margin
-0.29146662810678015,0.04449648711943794,95.5503512880562,97.57349510032665,427,0.075,18,453,ModuleB_upper_bound_margin
-0.278244168731241,0.06557377049180328,93.44262295081968,94.09069698383745,427,0.1,18,453,ModuleB_upper_bound_margin
-0.2562709545589432,0.11475409836065574,88.52459016393442,82.45026089169812,427,0.15,18,453,ModuleB_upper_bound_margin
-0.24632296747306104,0.13114754098360656,86.88524590163934,74.16111653162515,427,0.2,18,453,ModuleB_upper_bound_margin
-0.3287154623319394,0.009345794392523364,99.06542056074767,99.98303071440692,428,0.01,19,452,ModuleB_upper_bound_margin
-0.3232138708589941,0.016355140186915886,98.36448598130842,99.94909214322078,428,0.02,19,452,ModuleB_upper_bound_margin
-0.3117783129755046,0.018691588785046728,98.13084112149532,99.74546071610385,428,0.03,19,452,ModuleB_upper_bound_margin
-0.3042027950080909,0.03271028037383177,96.72897196261682,99.44425589682673,428,0.05,19,452,ModuleB_upper_bound_margin
-0.28993723564887364,0.053738317757009345,94.62616822429906,97.96368572883082,428,0.075,19,452,ModuleB_upper_bound_margin
-0.2756291680664782,0.07476635514018691,92.5233644859813,94.1710503987782,428,0.1,19,452,ModuleB_upper_bound_margin
-0.25211709680510275,0.13551401869158877,86.44859813084112,80.54895638893602,428,0.15,19,452,ModuleB_upper_bound_margin
-0.2399544134856179,0.1658878504672897,83.41121495327103,69.82861021550993,428,0.2,19,452,ModuleB_upper_bound_margin
-0.3243892645934142,0.019189765458422176,98.08102345415777,99.88950745824657,469,0.01,20,411,ModuleB_upper_bound_margin
-0.31259424322920565,0.0255863539445629,97.44136460554371,99.57927839870808,469,0.02,20,411,ModuleB_upper_bound_margin
-0.30843363927549305,0.031982942430703626,96.80170575692964,99.38804130721176,469,0.03,20,411,ModuleB_upper_bound_margin
-0.30344211939251775,0.03837953091684435,96.16204690831557,98.99706769793039,469,0.05,20,411,ModuleB_upper_bound_margin
-0.28490028866416195,0.07249466950959488,92.75053304904051,96.22625472780587,469,0.075,20,411,ModuleB_upper_bound_margin
-0.27474213689974397,0.08955223880597014,91.04477611940298,93.18346011644213,469,0.1,20,411,ModuleB_upper_bound_margin
-0.25211709680510275,0.13646055437100213,86.35394456289978,80.29832986273426,469,0.15,20,411,ModuleB_upper_bound_margin
-0.23428660606154178,0.19189765458422176,80.81023454157783,63.8179422888955,469,0.2,20,411,ModuleB_upper_bound_margin
-0.33156397363977896,0.0023584905660377358,99.76415094339622,99.96182558534102,424,0.01,21,456,ModuleB_upper_bound_margin
-0.3243892645934142,0.009433962264150943,99.05660377358491,99.90244316253818,424,0.02,21,456,ModuleB_upper_bound_margin
-0.3117783129755046,0.018867924528301886,98.11320754716981,99.58008143875128,424,0.03,21,456,ModuleB_upper_bound_margin
-0.29638871377115944,0.05660377358490566,94.33962264150944,98.42636579572446,424,0.05,21,456,ModuleB_upper_bound_margin
-0.28565434075655244,0.0660377358490566,93.39622641509435,96.69579233118426,424,0.075,21,456,ModuleB_upper_bound_margin
-0.27442159160747026,0.09198113207547169,90.80188679245283,93.56549032914828,424,0.1,21,456,ModuleB_upper_bound_margin
-0.25545055494079383,0.1179245283018868,88.20754716981132,83.90312181879878,424,0.15,21,456,ModuleB_upper_bound_margin
-0.23833305021999251,0.17688679245283018,82.31132075471697,69.73193077706142,424,0.2,21,456,ModuleB_upper_bound_margin
-0.32868167319660363,0.01405152224824356,98.59484777517564,99.93636787850507,427,0.01,22,453,ModuleB_upper_bound_margin
-0.31259424322920565,0.02576112412177986,97.42388758782201,99.46973232087558,427,0.02,22,453,ModuleB_upper_bound_margin
-0.30843363927549305,0.03278688524590164,96.72131147540983,99.21520383489586,427,0.03,22,453,ModuleB_upper_bound_margin
-0.29638871377115944,0.05620608899297424,94.37939110070258,97.84499215203834,427,0.05,22,453,ModuleB_upper_bound_margin
-0.2852924118477677,0.06791569086651054,93.20843091334895,95.45242438382896,427,0.075,22,453,ModuleB_upper_bound_margin
-0.27436798387207645,0.0936768149882904,90.63231850117096,91.8296356000509,427,0.1,22,453,ModuleB_upper_bound_margin
-0.24744381774852767,0.17096018735362997,82.90398126463701,75.06045051542019,427,0.15,22,453,ModuleB_upper_bound_margin
-0.23326434453549225,0.20608899297423888,79.39110070257611,62.06252916472235,427,0.2,22,453,ModuleB_upper_bound_margin
-0.32868167319660363,0.014285714285714285,98.57142857142858,99.9448685326548,420,0.01,23,460,ModuleB_upper_bound_margin
-0.31259424322920565,0.02619047619047619,97.38095238095238,99.6437659033079,420,0.02,23,460,ModuleB_upper_bound_margin
-0.3090065173590217,0.030952380952380953,96.9047619047619,99.4529262086514,420,0.03,23,460,ModuleB_upper_bound_margin
-0.2985216953515329,0.04523809523809524,95.47619047619048,98.61323155216284,420,0.05,23,460,ModuleB_upper_bound_margin
-0.28578597792928284,0.06428571428571428,93.57142857142857,96.47158608990671,420,0.075,23,460,ModuleB_upper_bound_margin
-0.2755808489554925,0.0761904761904762,92.38095238095238,93.4520780322307,420,0.1,23,460,ModuleB_upper_bound_margin
-0.2507541591690662,0.1380952380952381,86.19047619047619,79.06276505513146,420,0.15,23,460,ModuleB_upper_bound_margin
-0.23370179728637475,0.20238095238095238,79.76190476190477,63.38846480067855,420,0.2,23,460,ModuleB_upper_bound_margin
-0.3273220503823271,0.015086206896551725,98.49137931034483,99.94051665533651,464,0.01,24,416,ModuleB_upper_bound_margin
-0.3092987256243782,0.036637931034482756,96.33620689655173,99.40091774303195,464,0.02,24,416,ModuleB_upper_bound_margin
-0.2998682758223969,0.0603448275862069,93.96551724137932,98.5511556764106,464,0.03,24,416,ModuleB_upper_bound_margin
-0.2825726618597884,0.10129310344827586,89.87068965517241,94.85044187627464,464,0.05,24,416,ModuleB_upper_bound_margin
-0.2678962223138351,0.14224137931034483,85.77586206896551,88.71515975526853,464,0.075,24,416,ModuleB_upper_bound_margin
-0.2545516928709104,0.16810344827586207,83.1896551724138,79.75866757307953,464,0.1,24,416,ModuleB_upper_bound_margin
-0.23584642015866042,0.22844827586206898,77.15517241379311,62.26631543167913,464,0.15,24,416,ModuleB_upper_bound_margin
-0.22403197399258049,0.25646551724137934,74.35344827586206,49.723827328348065,464,0.2,24,416,ModuleB_upper_bound_margin
-0.3273220503823271,0.015350877192982455,98.46491228070175,99.97026843357119,456,0.01,25,424,ModuleB_upper_bound_margin
-0.3117783129755046,0.02850877192982456,97.14912280701753,99.72816853550799,456,0.02,25,424,ModuleB_upper_bound_margin
-0.3090065173590217,0.03070175438596491,96.9298245614035,99.59225280326199,456,0.03,25,424,ModuleB_upper_bound_margin
-0.2976884330660043,0.05043859649122807,94.95614035087719,98.77675840978594,456,0.05,25,424,ModuleB_upper_bound_margin
-0.2829089564174677,0.07675438596491228,92.32456140350878,95.84182806659871,456,0.075,25,424,ModuleB_upper_bound_margin
-0.26762171685206043,0.12280701754385964,87.71929824561403,89.36459395174991,456,0.1,25,424,ModuleB_upper_bound_margin
-0.24700762419817734,0.17324561403508773,82.67543859649122,72.83384301732926,456,0.15,25,424,ModuleB_upper_bound_margin
-0.22807229105663385,0.23026315789473684,76.97368421052632,53.07509344206592,456,0.2,25,424,ModuleB_upper_bound_margin
-0.3303400953800892,0.0044742729306487695,99.55257270693512,99.98726276907401,447,0.01,26,433,ModuleB_upper_bound_margin
-0.3258356039839777,0.008948545861297539,99.10514541387025,99.97027979450601,447,0.02,26,433,ModuleB_upper_bound_margin
-0.3096166266033024,0.024608501118568233,97.53914988814317,99.6263745595041,447,0.03,26,433,ModuleB_upper_bound_margin
-0.2979726123361612,0.049217002237136466,95.07829977628636,98.63287054727635,447,0.05,26,433,ModuleB_upper_bound_margin
-0.2829089564174677,0.07606263982102908,92.39373601789708,95.35515645565322,447,0.075,26,433,ModuleB_upper_bound_margin
-0.27047434742171883,0.10738255033557047,89.26174496644296,90.54472890926846,447,0.1,26,433,ModuleB_upper_bound_margin
-0.24882952786372464,0.14988814317673377,85.01118568232661,76.1686409374602,447,0.15,26,433,ModuleB_upper_bound_margin
-0.23539657157169036,0.18791946308724833,81.20805369127517,63.10873349467159,447,0.2,26,433,ModuleB_upper_bound_margin
-0.3258356039839777,0.019753086419753086,98.0246913580247,99.92795083704175,405,0.01,27,475,ModuleB_upper_bound_margin
-0.3160581409959014,0.024691358024691357,97.53086419753086,99.78385251112523,405,0.02,27,475,ModuleB_upper_bound_margin
-0.3065199191741138,0.04197530864197531,95.80246913580247,99.41513032422124,405,0.03,27,475,ModuleB_upper_bound_margin
-0.294072742743467,0.06172839506172839,93.82716049382715,98.34710743801654,405,0.05,27,475,ModuleB_upper_bound_margin
-0.2825726618597884,0.07901234567901234,92.09876543209876,96.48654375927104,405,0.075,27,475,ModuleB_upper_bound_margin
-0.2747521327747753,0.08641975308641975,91.35802469135803,94.3801652892562,405,0.1,27,475,ModuleB_upper_bound_margin
-0.25211709680510275,0.13333333333333333,86.66666666666667,82.10214028395846,405,0.15,27,475,ModuleB_upper_bound_margin
-0.23387905054731867,0.19753086419753085,80.24691358024691,64.79762661580844,405,0.2,27,475,ModuleB_upper_bound_margin
-0.3287154623319394,0.00881057268722467,99.11894273127754,99.94903592966958,454,0.01,28,426,ModuleB_upper_bound_margin
-0.3243892645934142,0.011013215859030838,98.89867841409692,99.9065658710609,454,0.02,28,426,ModuleB_upper_bound_margin
-0.3096166266033024,0.02643171806167401,97.3568281938326,99.48611229083497,454,0.03,28,426,ModuleB_upper_bound_margin
-0.3042027950080909,0.03303964757709251,96.69603524229075,99.15484583368726,454,0.05,28,426,ModuleB_upper_bound_margin
-0.28993723564887364,0.05286343612334802,94.7136563876652,97.26492822560095,454,0.075,28,426,ModuleB_upper_bound_margin
-0.2755808489554925,0.07929515418502203,92.07048458149781,93.07738044678501,454,0.1,28,426,ModuleB_upper_bound_margin
-0.2485697209408483,0.15859030837004406,84.14096916299559,76.27622526119086,454,0.15,28,426,ModuleB_upper_bound_margin
-0.23401103203082432,0.1960352422907489,80.39647577092511,62.363034060987,454,0.2,28,426,ModuleB_upper_bound_margin
-0.3303400953800892,0.0048543689320388345,99.51456310679612,99.97032389350518,412,0.01,29,468,ModuleB_upper_bound_margin
-0.3243892645934142,0.009708737864077669,99.02912621359224,99.9321688994404,412,0.02,29,468,ModuleB_upper_bound_margin
-0.30986426804575623,0.019417475728155338,98.05825242718447,99.59301339664236,412,0.03,29,468,ModuleB_upper_bound_margin
-0.30344211939251775,0.03640776699029126,96.35922330097088,99.15211124300491,412,0.05,29,468,ModuleB_upper_bound_margin
-0.28455869633308956,0.07281553398058252,92.71844660194175,96.1378667118874,412,0.075,29,468,ModuleB_upper_bound_margin
-0.27194777965700223,0.10194174757281553,89.80582524271846,91.74580295065287,412,0.1,29,468,ModuleB_upper_bound_margin
-0.2500581665786121,0.14320388349514562,85.67961165048543,77.95489231812786,412,0.15,29,468,ModuleB_upper_bound_margin
-0.23817087620397864,0.1796116504854369,82.03883495145631,66.87722570798711,412,0.2,29,468,ModuleB_upper_bound_margin
-0.3287154623319394,0.009501187648456057,99.04988123515439,99.92790194664744,421,0.01,30,459,ModuleB_upper_bound_margin
-0.3117783129755046,0.028503562945368172,97.14964370546319,99.47834937868443,421,0.02,30,459,ModuleB_upper_bound_margin
-0.30840324915387773,0.035629453681710214,96.43705463182897,99.32567114805548,421,0.03,30,459,ModuleB_upper_bound_margin
-0.2976478246867184,0.052256532066508314,94.77434679334917,98.21451291403366,421,0.05,30,459,ModuleB_upper_bound_margin
-0.2806873824321598,0.0831353919239905,91.68646080760095,94.5290300691293,421,0.075,30,459,ModuleB_upper_bound_margin
-0.269487888842445,0.11401425178147269,88.59857482185272,90.05470969930872,421,0.1,30,459,ModuleB_upper_bound_margin
-0.2475858114150519,0.166270783847981,83.3729216152019,74.89715424742356,421,0.15,30,459,ModuleB_upper_bound_margin
-0.23530510059427034,0.1876484560570071,81.23515439429929,62.71682429280292,421,0.2,30,459,ModuleB_upper_bound_margin
-0.3258356039839777,0.018018018018018018,98.1981981981982,99.91085073866532,444,0.01,31,436,ModuleB_upper_bound_margin
-0.3090065173590217,0.04054054054054054,95.94594594594594,99.26982509763967,444,0.02,31,436,ModuleB_upper_bound_margin
-0.30344211939251775,0.05630630630630631,94.36936936936937,98.87077602309391,444,0.03,31,436,ModuleB_upper_bound_margin
-0.2936111109042237,0.06306306306306306,93.69369369369369,97.57598913228053,444,0.05,31,436,ModuleB_upper_bound_margin
-0.2829089564174677,0.07657657657657657,92.34234234234235,95.28357955510273,444,0.075,31,436,ModuleB_upper_bound_margin
-0.2722822520431597,0.0990990990990991,90.09009009009009,91.87043640686025,444,0.1,31,436,ModuleB_upper_bound_margin
-0.25211709680510275,0.13513513513513514,86.48648648648648,80.25556121582612,444,0.15,31,436,ModuleB_upper_bound_margin
-0.24284477511588712,0.14864864864864866,85.13513513513513,72.35948378332483,444,0.2,31,436,ModuleB_upper_bound_margin
-0.3290022868413368,0.007042253521126761,99.29577464788733,99.9575803851701,426,0.01,32,454,ModuleB_upper_bound_margin
-0.3204793720743564,0.018779342723004695,98.12206572769952,99.86425723254433,426,0.02,32,454,ModuleB_upper_bound_margin
-0.3080561922282573,0.03755868544600939,96.24413145539906,99.44430304572835,426,0.03,32,454,ModuleB_upper_bound_margin
-0.2987252592937812,0.04460093896713615,95.53990610328638,98.74862136251804,426,0.05,32,454,ModuleB_upper_bound_margin
-0.2891900875536386,0.0539906103286385,94.60093896713614,97.45058114872317,426,0.075,32,454,ModuleB_upper_bound_margin
-0.27662082572220537,0.07042253521126761,92.95774647887323,94.06973784678036,426,0.1,32,454,ModuleB_upper_bound_margin
-0.2532756017391067,0.12910798122065728,87.08920187793427,81.09357767031476,426,0.15,32,454,ModuleB_upper_bound_margin
-0.23530510059427034,0.18779342723004694,81.2206572769953,64.60931534741664,426,0.2,32,454,ModuleB_upper_bound_margin
-0.3303400953800892,0.004484304932735426,99.55156950672645,99.97028105629617,446,0.01,33,434,ModuleB_upper_bound_margin
-0.3243892645934142,0.011210762331838564,98.87892376681614,99.94056211259235,446,0.02,33,434,ModuleB_upper_bound_margin
-0.31259424322920565,0.01569506726457399,98.4304932735426,99.74951176021058,446,0.03,33,434,ModuleB_upper_bound_margin
-0.30484546204292556,0.02914798206278027,97.08520179372198,99.45232232317228,446,0.05,33,434,ModuleB_upper_bound_margin
-0.29069332521263547,0.0515695067264574,94.84304932735425,98.13619767343127,446,0.075,33,434,ModuleB_upper_bound_margin
-0.278244168731241,0.06726457399103139,93.27354260089686,95.39356372590643,446,0.1,33,434,ModuleB_upper_bound_margin
-0.2507541591690662,0.13901345291479822,86.09865470852019,80.00764201409527,446,0.15,33,434,ModuleB_upper_bound_margin
-0.23428660606154178,0.1905829596412556,80.94170403587444,64.28632079476947,446,0.2,33,434,ModuleB_upper_bound_margin
-0.3287053425248363,0.011389521640091117,98.86104783599089,99.97028988582828,439,0.01,34,441,ModuleB_upper_bound_margin
-0.3236263531626586,0.015945330296127564,98.40546697038725,99.93633546963203,439,0.02,34,441,ModuleB_upper_bound_margin
-0.3096166266033024,0.025056947608200455,97.49430523917995,99.62225711981665,439,0.03,34,441,ModuleB_upper_bound_margin
-0.3042027950080909,0.03189066059225513,96.81093394077449,99.28271295785407,439,0.05,34,441,ModuleB_upper_bound_margin
-0.2891900875536386,0.05466970387243736,94.53302961275627,97.79720724926786,439,0.075,34,441,ModuleB_upper_bound_margin
-0.2756291680664782,0.07517084282460136,92.48291571753985,94.73706548958025,439,0.1,34,441,ModuleB_upper_bound_margin
-0.2563584330642432,0.11389521640091116,88.61047835990888,85.705190781376,439,0.15,34,441,ModuleB_upper_bound_margin
-0.23994476172764545,0.16856492027334852,83.14350797266515,73.08263656041764,439,0.2,34,441,ModuleB_upper_bound_margin
-0.33501497667224756,0.0,100.0,99.9702823179792,445,0.01,35,435,ModuleB_upper_bound_margin
-0.3273220503823271,0.006741573033707865,99.32584269662922,99.91933772022925,445,0.02,35,435,ModuleB_upper_bound_margin
-0.3096166266033024,0.024719101123595506,97.52808988764045,99.31224793037572,445,0.03,35,435,ModuleB_upper_bound_margin
-0.2985216953515329,0.04719101123595506,95.28089887640449,98.14052218212693,445,0.05,35,435,ModuleB_upper_bound_margin
-0.28455869633308956,0.07415730337078652,92.58426966292134,95.18149012948417,445,0.075,35,435,ModuleB_upper_bound_margin
-0.2722822520431597,0.09887640449438202,90.11235955056179,90.74506474209298,445,0.1,35,435,ModuleB_upper_bound_margin
-0.24882952786372464,0.15056179775280898,84.9438202247191,75.77584376990023,445,0.15,35,435,ModuleB_upper_bound_margin
-0.23326434453549225,0.20449438202247192,79.5505617977528,61.163234981957125,445,0.2,35,435,ModuleB_upper_bound_margin
-0.3287154623319394,0.008849557522123894,99.11504424778761,99.94054696789536,452,0.01,36,428,ModuleB_upper_bound_margin
-0.3236263531626586,0.015486725663716814,98.45132743362832,99.86835400033974,452,0.02,36,428,ModuleB_upper_bound_margin
-0.3160581409959014,0.015486725663716814,98.45132743362832,99.6730083234245,452,0.03,36,428,ModuleB_upper_bound_margin
-0.30448749236356565,0.030973451327433628,96.90265486725663,98.91710548666553,452,0.05,36,428,ModuleB_upper_bound_margin
-0.2825726618597884,0.07743362831858407,92.2566371681416,94.49634788517072,452,0.075,36,428,ModuleB_upper_bound_margin
-0.269487888842445,0.11504424778761062,88.49557522123894,89.26448105996263,452,0.1,36,428,ModuleB_upper_bound_margin
-0.24744381774852767,0.17035398230088494,82.96460176991151,73.4924409716324,452,0.15,36,428,ModuleB_upper_bound_margin
-0.2272813499685579,0.23893805309734514,76.10619469026548,54.17869882792594,452,0.2,36,428,ModuleB_upper_bound_margin
-0.3161586333540399,0.031818181818181815,96.81818181818181,99.80475382003395,440,0.01,37,440,ModuleB_upper_bound_margin
-0.3055183804355213,0.056818181818181816,94.31818181818183,99.38455008488964,440,0.02,37,440,ModuleB_upper_bound_margin
-0.2987252592937812,0.06363636363636363,93.63636363636364,98.77758913412563,440,0.03,37,440,ModuleB_upper_bound_margin
-0.2865792876803965,0.08181818181818182,91.81818181818183,96.78692699490662,440,0.05,37,440,ModuleB_upper_bound_margin
-0.2755808489554925,0.10227272727272728,89.77272727272727,93.28947368421052,440,0.075,37,440,ModuleB_upper_bound_margin
-0.25762016530176524,0.1590909090909091,84.0909090909091,83.11544991511036,440,0.1,37,440,ModuleB_upper_bound_margin
-0.24688610767683372,0.175,82.5,73.91341256366724,440,0.15,37,440,ModuleB_upper_bound_margin
-0.2285336444332225,0.22727272727272727,77.27272727272727,54.719864176570454,440,0.2,37,440,ModuleB_upper_bound_margin
-0.3287154623319394,0.008791208791208791,99.12087912087912,99.94478657889148,455,0.01,38,425,ModuleB_upper_bound_margin
-0.3236263531626586,0.015384615384615385,98.46153846153847,99.87683159906562,455,0.02,38,425,ModuleB_upper_bound_margin
-0.3090065173590217,0.03076923076923077,96.92307692307692,99.42662985771926,455,0.03,38,425,ModuleB_upper_bound_margin
-0.294072742743467,0.05934065934065934,94.06593406593406,97.850923763007,455,0.05,38,425,ModuleB_upper_bound_margin
-0.2852924118477677,0.07032967032967033,92.96703296703296,96.02038649394777,455,0.075,38,425,ModuleB_upper_bound_margin
-0.2750354738420329,0.08131868131868132,91.86813186813187,92.87322149076238,455,0.1,38,425,ModuleB_upper_bound_margin
-0.2504437309597314,0.14285714285714285,85.71428571428571,78.94245062645997,455,0.15,38,425,ModuleB_upper_bound_margin
-0.23326434453549225,0.2043956043956044,79.56043956043956,62.658738585686976,455,0.2,38,425,ModuleB_upper_bound_margin
-0.3243892645934142,0.019693654266958426,98.03063457330416,99.90230641804358,457,0.01,39,423,ModuleB_upper_bound_margin
-0.3160581409959014,0.024070021881838075,97.59299781181619,99.72815698933866,457,0.02,39,423,ModuleB_upper_bound_margin
-0.3090065173590217,0.030634573304157548,96.93654266958424,99.39684832009515,457,0.03,39,423,ModuleB_upper_bound_margin
-0.2998682758223969,0.04157549234135667,95.84245076586433,98.59830947627745,457,0.05,39,423,ModuleB_upper_bound_margin
-0.28578597792928284,0.06564551422319474,93.43544857768052,96.24941596228179,457,0.075,39,423,ModuleB_upper_bound_margin
-0.27436798387207645,0.09409190371991247,90.59080962800876,92.85987342309816,457,0.1,39,423,ModuleB_upper_bound_margin
-0.25372236319089586,0.12910284463894967,87.08971553610503,81.82474620906427,457,0.15,39,423,ModuleB_upper_bound_margin
-0.23895031432728608,0.1772428884026258,82.27571115973743,69.345453000892,457,0.2,39,423,ModuleB_upper_bound_margin
